Team,#P,PAge,RA/G,W,L,W-L%,ERA,G,GS,GF,CG,tSho,cSho,SV,IP,H,R,ER,HR,BB,IBB,SO,HBP,BK,WP,BF,ERA+,FIP,WHIP,H9,HR9,BB9,SO9,SO/W,LOB,Postseason
Arizona Diamondbacks,28,27.9,5.16,65,97,.401,4.81,162,162,159,3,3,1,35,1432.0,1503,836,765,210,548,38,1070,58,4,82,6260,89,4.76,1.432,9.4,1.3,3.4,6.7,1.95,1128,0
Atlanta Braves,21,30.1,3.88,91,71,.562,3.56,162,162,160,2,9,0,41,1439.1,1326,629,569,126,505,64,1241,49,3,42,6052,110,3.65,1.272,8.3,0.8,3.2,7.8,2.46,1105,1
Baltimore Orioles,23,28.4,4.85,66,96,.407,4.59,162,162,159,3,7,0,35,1436.1,1508,785,733,186,520,45,1007,59,5,45,6262,91,4.57,1.412,9.4,1.2,3.3,6.3,1.94,1168,0
Boston Red Sox,25,29.6,4.59,89,73,.549,4.20,162,162,159,3,9,1,44,1456.2,1402,744,679,152,580,30,1207,53,3,58,6267,104,4.08,1.361,8.7,0.9,3.6,7.5,2.08,1153,0
Chicago Cubs,23,28.2,4.73,75,87,.463,4.18,162,162,161,1,14,0,40,1436.2,1409,767,668,154,605,42,1268,65,6,46,6298,100,4.11,1.402,8.8,1.0,3.8,7.9,2.10,1221,0
Chicago White Sox,20,29.0,4.35,88,74,.543,4.09,162,162,156,6,11,2,43,1446.1,1471,704,658,136,490,41,1149,34,9,59,6180,105,3.80,1.356,9.2,0.8,3.0,7.1,2.34,1137,0
Cincinnati Reds,23,28.2,4.23,91,71,.562,4.01,162,162,158,4,9,2,43,1453.0,1404,685,648,158,524,32,1130,50,6,48,6182,102,4.12,1.327,8.7,1.0,3.2,7.0,2.16,1138,1
Cleveland Indians,22,26.6,4.64,69,93,.426,4.30,162,162,152,10,4,2,34,1433.0,1477,752,684,147,572,36,967,66,3,54,6224,92,4.40,1.430,9.3,0.9,3.6,6.1,1.69,1173,0
Colorado Rockies,23,28.1,4.43,83,79,.512,4.14,162,162,156,6,12,2,35,1442.0,1405,717,663,139,525,54,1234,56,12,77,6143,112,3.83,1.338,8.8,0.9,3.3,7.7,2.35,1100,0
Detroit Tigers,20,26.5,4.59,81,81,.500,4.30,162,162,156,6,5,1,32,1444.1,1445,743,690,142,537,29,1056,65,9,75,6198,98,4.15,1.372,9.0,0.9,3.3,6.6,1.97,1122,0
Florida Marlins,31,27.1,4.43,80,82,.494,4.08,162,162,157,5,17,2,39,1438.1,1433,717,652,134,549,42,1168,51,4,49,6217,102,3.92,1.378,9.0,0.8,3.4,7.3,2.13,1185,0
Houston Astros,25,29.6,4.50,76,86,.469,4.09,162,162,158,4,11,2,45,1439.1,1446,729,654,140,548,39,1210,40,9,57,6221,97,3.89,1.385,9.0,0.9,3.4,7.6,2.21,1174,0
Kansas City Royals,25,27.5,5.22,67,95,.414,4.97,162,162,155,7,3,1,44,1436.2,1553,845,794,176,551,28,1035,47,7,55,6333,85,4.48,1.465,9.7,1.1,3.5,6.5,1.88,1178,0
Los Angeles Angels of Anaheim,21,28.3,4.33,80,82,.494,4.04,162,162,152,10,9,3,39,1449.1,1422,702,651,148,565,33,1130,46,6,80,6252,99,4.11,1.371,8.8,0.9,3.5,7.0,2.00,1202,0
Los Angeles Dodgers,24,28.1,4.27,80,82,.494,4.01,162,162,158,4,16,4,41,1441.2,1323,692,643,134,539,75,1274,58,8,58,6141,97,3.76,1.292,8.3,0.8,3.4,8.0,2.36,1124,0
Milwaukee Brewers,25,29.2,4.96,77,85,.475,4.58,162,162,159,3,7,3,35,1439.0,1487,804,733,173,582,42,1258,48,3,71,6324,88,4.21,1.438,9.3,1.1,3.6,7.9,2.16,1203,0
Minnesota Twins,21,28.6,4.14,94,68,.580,3.95,162,162,153,9,13,3,40,1452.2,1493,671,638,155,383,19,1048,47,4,41,6106,103,3.91,1.291,9.2,1.0,2.4,6.5,2.74,1077,1
New York Mets,20,29.5,4.02,79,83,.488,3.70,162,162,154,8,19,4,36,1453.0,1438,652,597,135,545,55,1106,52,5,48,6245,105,4.00,1.365,8.9,0.8,3.4,6.9,2.03,1234,0
New York Yankees,21,30.3,4.28,95,67,.586,4.06,162,162,159,3,8,0,39,1442.1,1349,693,651,179,540,37,1154,62,6,69,6102,107,4.34,1.310,8.4,1.1,3.4,7.2,2.14,1082,1
Oakland Athletics,23,26.0,3.86,81,81,.500,3.56,162,162,155,7,17,3,38,1431.2,1315,626,566,153,512,29,1070,38,8,42,6011,115,4.13,1.276,8.3,1.0,3.2,6.7,2.09,1090,0
Philadelphia Phillies,21,31.1,3.95,97,65,.599,3.67,162,162,148,14,21,6,40,1456.1,1402,640,594,168,416,42,1183,57,5,26,6095,111,3.93,1.248,8.7,1.0,2.6,7.3,2.84,1086,1
Pittsburgh Pirates,28,28.6,5.35,57,105,.352,5.00,162,162,161,1,6,1,31,1411.2,1567,866,784,167,538,40,1026,66,10,56,6300,81,4.45,1.491,10.0,1.1,3.4,6.5,1.91,1199,0
San Diego Padres,19,27.2,3.59,90,72,.556,3.39,162,162,160,2,20,2,49,1456.1,1305,581,549,139,517,51,1295,28,5,29,6058,108,3.66,1.251,8.1,0.9,3.2,8.0,2.50,1108,0
Seattle Mariners,22,27.1,4.31,61,101,.377,3.93,162,162,151,11,10,2,38,1438.0,1402,698,628,157,452,33,973,40,11,73,6091,100,4.17,1.289,8.8,1.0,2.8,6.1,2.15,1079,0
San Francisco Giants,19,27.9,3.60,92,70,.568,3.36,162,162,156,6,17,3,57,1461.0,1279,583,546,134,578,58,1331,51,4,74,6159,117,3.74,1.271,7.9,0.8,3.6,8.2,2.30,1193,1
St. Louis Cardinals,22,30.2,3.96,86,76,.531,3.57,162,162,155,7,16,3,32,1453.2,1412,641,577,133,477,32,1094,48,4,42,6137,109,3.85,1.299,8.7,0.8,3.0,6.8,2.29,1135,0
Tampa Bay Rays,17,28.0,4.01,96,66,.593,3.78,162,162,156,6,12,3,51,1453.2,1347,649,611,175,478,34,1189,46,9,60,6103,103,4.09,1.255,8.3,1.1,3.0,7.4,2.49,1093,1
Texas Rangers,22,27.6,4.24,90,72,.556,3.93,162,162,155,7,8,0,46,1455.1,1355,687,636,162,551,24,1181,63,4,56,6213,114,4.17,1.310,8.4,1.0,3.4,7.3,2.14,1160,1
Toronto Blue Jays,24,28.0,4.49,85,77,.525,4.22,162,162,157,5,11,2,45,1440.2,1407,728,676,150,539,35,1184,60,3,69,6165,100,4.04,1.351,8.8,0.9,3.4,7.4,2.20,1115,0
Washington Nationals,26,28.0,4.58,69,93,.426,4.13,162,162,160,2,5,1,37,1435.0,1469,742,658,151,512,57,1068,46,7,33,6214,98,4.12,1.380,9.2,0.9,3.2,6.7,2.09,1167,0
Arizona Diamondbacks,25,27.4,4.09,94,68,.580,3.80,162,162,157,5,12,1,58,1443.1,1414,662,609,159,442,16,1058,53,7,39,6102,104,4.02,1.286,8.8,1.0,2.8,6.6,2.39,1110,1
Atlanta Braves,21,28.4,3.73,89,73,.549,3.48,162,162,159,3,16,2,52,1479.2,1332,605,572,125,521,73,1332,53,5,61,6220,110,3.49,1.252,8.1,0.8,3.2,8.1,2.56,1176,0
Baltimore Orioles,27,28.2,5.31,69,93,.426,4.89,162,162,159,3,7,1,32,1446.2,1568,860,786,210,535,42,1044,45,4,32,6332,86,4.67,1.454,9.8,1.3,3.3,6.5,1.95,1132,0
Boston Red Sox,27,30.3,4.55,90,72,.556,4.20,162,162,160,2,13,1,36,1457.1,1366,737,680,156,540,11,1213,90,7,58,6242,103,4.05,1.308,8.4,1.0,3.3,7.5,2.25,1133,0
Chicago Cubs,22,29.4,4.67,71,91,.438,4.33,162,162,158,4,5,1,40,1434.1,1439,756,690,162,580,45,1224,53,5,51,6262,90,4.11,1.408,9.0,1.0,3.6,7.7,2.11,1203,0
Chicago White Sox,22,28.5,4.36,79,83,.488,4.10,162,162,156,6,14,4,42,1460.0,1463,706,665,147,439,50,1220,44,4,55,6188,106,3.66,1.303,9.0,0.9,2.7,7.5,2.78,1102,0
Cincinnati Reds,21,27.7,4.44,79,83,.488,4.16,162,162,158,4,5,2,39,1467.2,1414,720,678,185,539,47,1112,59,13,51,6259,95,4.37,1.331,8.7,1.1,3.3,6.8,2.06,1136,0
Cleveland Indians,22,26.7,4.69,80,82,.494,4.23,162,162,160,2,4,0,38,1453.1,1482,760,683,153,463,34,1024,60,3,42,6235,93,4.06,1.338,9.2,0.9,2.9,6.3,2.21,1115,0
Colorado Rockies,29,27.7,4.78,73,89,.451,4.43,162,162,157,5,7,2,41,1447.2,1471,774,713,176,522,47,1118,48,7,65,6215,103,4.24,1.377,9.1,1.1,3.2,7.0,2.14,1098,0
Detroit Tigers,26,27.8,4.39,95,67,.586,4.04,162,162,158,4,14,2,52,1440.0,1406,711,647,149,492,34,1115,52,5,69,6108,103,3.95,1.318,8.8,0.9,3.1,7.0,2.27,1077,1
Florida Marlins,22,28.0,4.33,72,90,.444,3.95,162,162,155,7,11,4,40,1459.2,1403,702,640,149,500,72,1218,37,10,43,6200,99,3.79,1.304,8.7,0.9,3.1,7.5,2.44,1119,0
Houston Astros,23,27.2,4.91,56,106,.346,4.51,162,162,160,2,6,0,25,1435.0,1477,796,719,188,560,59,1191,53,9,39,6268,84,4.35,1.420,9.3,1.2,3.5,7.5,2.13,1167,0
Kansas City Royals,23,26.4,4.70,71,91,.438,4.44,162,162,160,2,6,0,37,1451.1,1487,762,716,163,557,42,1080,58,7,69,6280,92,4.27,1.408,9.2,1.0,3.5,6.7,1.94,1164,0
Los Angeles Angels of Anaheim,21,28.4,3.91,86,76,.531,3.57,162,162,150,12,11,6,39,1465.0,1388,633,581,142,476,34,1058,36,4,55,6124,106,3.89,1.272,8.5,0.9,2.9,6.5,2.22,1096,0
Los Angeles Dodgers,21,28.6,3.80,82,79,.509,3.54,161,161,154,7,17,2,40,1432.0,1287,612,563,132,507,48,1265,43,7,50,5997,104,3.61,1.253,8.1,0.8,3.2,8.0,2.50,1089,0
Milwaukee Brewers,22,29.3,3.94,96,66,.593,3.63,162,162,161,1,13,1,47,1441.2,1348,638,582,147,440,16,1257,33,5,70,6048,109,3.59,1.240,8.4,0.9,2.7,7.8,2.86,1085,1
Minnesota Twins,24,28.5,4.96,63,99,.389,4.58,162,162,155,7,8,3,32,1421.2,1564,804,724,161,480,37,940,54,5,47,6210,89,4.30,1.438,9.9,1.0,3.0,6.0,1.96,1141,0
New York Mets,23,30.0,4.58,77,85,.475,4.19,162,162,156,6,9,2,43,1448.0,1482,742,674,147,514,48,1126,70,7,46,6316,88,4.00,1.378,9.2,0.9,3.2,7.0,2.19,1230,0
New York Yankees,28,31.0,4.06,97,65,.599,3.73,162,162,157,5,8,3,47,1458.1,1423,657,605,152,507,43,1222,58,3,67,6216,116,3.87,1.323,8.8,0.9,3.1,7.5,2.41,1184,1
Oakland Athletics,26,27.4,4.19,74,88,.457,3.71,162,162,156,6,12,1,39,1447.2,1380,679,597,136,519,24,1160,41,3,53,6159,109,3.80,1.312,8.6,0.8,3.2,7.2,2.24,1137,0
Philadelphia Phillies,23,29.2,3.27,102,60,.630,3.02,162,162,144,18,21,7,47,1477.0,1320,529,495,120,404,41,1299,47,6,23,6069,127,3.24,1.167,8.0,0.7,2.5,7.9,3.22,1109,1
Pittsburgh Pirates,25,28.1,4.40,72,90,.444,4.04,162,162,157,5,11,3,43,1449.1,1513,712,650,152,535,65,1031,62,6,60,6317,92,4.20,1.413,9.4,0.9,3.3,6.4,1.93,1257,0
San Diego Padres,22,28.1,3.77,71,91,.438,3.42,162,162,162,0,10,0,44,1449.1,1324,611,551,125,521,56,1139,37,6,45,6065,104,3.73,1.273,8.2,0.8,3.2,7.1,2.19,1106,0
Seattle Mariners,21,26.8,4.17,67,95,.414,3.90,162,162,150,12,10,3,39,1433.0,1369,675,621,145,436,27,1088,51,6,68,6014,97,3.84,1.260,8.6,0.9,2.7,6.8,2.50,1040,0
San Francisco Giants,17,28.5,3.57,86,76,.531,3.20,162,162,159,3,12,2,52,1468.0,1260,578,522,96,559,46,1316,50,4,42,6130,109,3.33,1.239,7.7,0.6,3.4,8.1,2.35,1148,0
St. Louis Cardinals,24,30.2,4.27,90,72,.556,3.74,162,162,155,7,9,5,47,1462.0,1461,692,608,136,448,44,1098,46,3,48,6211,99,3.75,1.306,9.0,0.8,2.8,6.8,2.45,1133,1
Tampa Bay Rays,21,27.8,3.79,91,71,.562,3.58,162,162,147,15,13,5,32,1449.0,1263,614,577,161,504,38,1143,46,3,45,6010,105,4.03,1.219,7.8,1.0,3.1,7.1,2.27,1049,1
Texas Rangers,25,28.8,4.18,96,66,.593,3.79,162,162,152,10,19,7,38,1441.1,1327,677,607,170,461,21,1179,46,6,43,6021,117,3.98,1.241,8.3,1.1,2.9,7.4,2.56,1020,1
Toronto Blue Jays,30,27.6,4.70,81,81,.500,4.32,162,162,155,7,10,3,33,1458.2,1433,761,700,179,540,28,1169,77,3,73,6286,99,4.29,1.353,8.8,1.1,3.3,7.2,2.16,1149,0
Washington Nationals,24,27.6,3.99,80,81,.497,3.58,161,161,158,3,10,2,49,1449.1,1403,643,577,129,477,43,1049,52,6,49,6141,107,3.83,1.297,8.7,0.8,3.0,6.5,2.20,1150,0
Arizona Diamondbacks,23,27.4,4.25,81,81,.500,3.93,162,162,158,4,9,2,39,1433.2,1432,688,626,155,417,18,1200,51,10,52,6063,104,3.81,1.290,9.0,1.0,2.6,7.5,2.88,1074,0
Atlanta Braves,21,27.6,3.70,94,68,.580,3.42,162,162,157,5,16,4,47,1445.1,1310,600,549,145,464,40,1232,41,3,54,5991,117,3.74,1.227,8.2,0.9,2.9,7.7,2.66,1055,1
Baltimore Orioles,26,27.6,4.35,93,69,.574,3.90,162,162,161,1,10,1,55,1483.0,1433,705,642,184,481,36,1177,53,6,34,6278,109,4.20,1.291,8.7,1.1,2.9,7.1,2.45,1124,1
Boston Red Sox,26,28.7,4.98,69,93,.426,4.70,162,162,156,6,4,2,35,1443.0,1449,806,754,190,529,33,1176,66,11,42,6209,90,4.41,1.371,9.0,1.2,3.3,7.3,2.22,1074,0
Chicago Cubs,30,27.9,4.69,61,101,.377,4.51,162,162,161,1,9,0,28,1413.2,1399,759,708,175,573,36,1128,65,5,44,6140,91,4.46,1.395,8.9,1.1,3.6,7.2,1.97,1140,0
Chicago White Sox,25,27.5,4.17,85,77,.525,4.02,162,162,156,6,11,2,37,1445.2,1365,676,646,186,503,29,1246,68,9,66,6098,106,4.23,1.292,8.5,1.2,3.1,7.8,2.48,1085,0
Cincinnati Reds,17,27.1,3.63,97,65,.599,3.34,162,162,153,9,12,2,56,1453.0,1356,588,540,152,427,33,1248,51,7,34,6056,123,3.72,1.227,8.4,0.9,2.6,7.7,2.92,1109,1
Cleveland Indians,24,27.6,5.22,68,94,.420,4.78,162,162,160,2,6,1,43,1442.0,1503,845,766,174,543,27,1086,55,6,67,6283,82,4.40,1.419,9.4,1.1,3.4,6.8,2.00,1112,0
Colorado Rockies,27,28.2,5.49,64,98,.395,5.22,162,162,162,0,7,0,36,1422.0,1637,890,824,198,566,61,1144,47,6,94,6384,89,4.59,1.549,10.4,1.3,3.6,7.2,2.02,1228,0
Detroit Tigers,23,28.2,4.14,88,74,.543,3.75,162,162,153,9,8,3,40,1430.2,1409,670,596,151,438,35,1318,42,6,46,6045,113,3.63,1.291,8.9,0.9,2.8,8.3,3.01,1083,1
Houston Astros,26,27.2,4.90,55,107,.340,4.56,162,162,159,3,11,2,31,1423.1,1493,794,721,173,540,40,1170,48,6,75,6238,89,4.27,1.428,9.4,1.1,3.4,7.4,2.17,1174,0
Kansas City Royals,25,27.3,4.60,72,90,.444,4.30,162,162,160,2,12,1,44,1451.1,1504,746,693,163,542,44,1177,60,8,49,6251,98,4.18,1.410,9.3,1.0,3.4,7.3,2.17,1151,0
Los Angeles Angels of Anaheim,23,30.1,4.31,89,73,.549,4.02,162,162,156,6,16,5,38,1433.1,1339,699,640,186,483,20,1157,40,2,38,6034,95,4.26,1.271,8.4,1.2,3.0,7.3,2.40,1035,0
Los Angeles Dodgers,25,29.0,3.69,86,76,.531,3.34,162,162,160,2,10,2,40,1449.2,1277,597,538,122,539,62,1276,45,2,46,6068,114,3.64,1.253,7.9,0.8,3.3,7.9,2.37,1122,0
Miami Marlins,21,28.8,4.47,69,93,.426,4.09,162,162,157,5,7,3,38,1440.2,1448,724,655,133,495,61,1113,55,4,36,6186,100,3.90,1.349,9.0,0.8,3.1,7.0,2.25,1140,0
Milwaukee Brewers,23,29.0,4.52,83,79,.512,4.22,162,162,162,0,9,0,44,1453.2,1458,733,682,169,525,20,1402,31,5,57,6245,98,3.82,1.364,9.0,1.0,3.3,8.7,2.67,1151,0
Minnesota Twins,25,27.8,5.14,66,96,.407,4.77,162,162,159,3,6,1,35,1438.2,1536,832,762,198,465,43,943,57,2,60,6214,86,4.66,1.391,9.6,1.2,2.9,5.9,2.03,1066,0
New York Mets,28,30.3,4.38,74,88,.457,4.09,162,162,155,7,13,5,36,1434.0,1368,709,651,161,488,29,1240,40,3,40,6086,93,3.93,1.294,8.6,1.0,3.1,7.8,2.54,1075,0
New York Yankees,24,30.3,4.12,95,67,.586,3.84,162,162,156,6,9,2,51,1445.1,1401,668,617,190,431,32,1318,49,9,53,6085,110,3.98,1.268,8.7,1.2,2.7,8.2,3.06,1081,1
Oakland Athletics,25,27.9,3.79,94,68,.580,3.48,162,162,161,1,13,0,47,1470.0,1360,614,569,147,462,34,1136,46,5,40,6131,112,3.89,1.239,8.3,0.9,2.8,7.0,2.46,1107,1
Philadelphia Phillies,24,29.1,4.20,81,81,.500,3.83,162,162,157,5,11,4,42,1451.1,1387,680,618,178,409,33,1385,44,3,30,6072,105,3.72,1.237,8.6,1.1,2.5,8.6,3.39,1038,0
Pittsburgh Pirates,25,30.2,4.16,79,83,.488,3.86,162,162,160,2,10,1,45,1433.1,1357,674,615,153,490,30,1192,45,3,45,6097,97,3.93,1.289,8.5,1.0,3.1,7.5,2.43,1123,0
San Diego Padres,30,28.0,4.38,76,86,.469,4.01,162,162,158,4,11,3,43,1434.2,1356,710,640,162,539,48,1205,48,8,49,6151,90,4.11,1.321,8.5,1.0,3.4,7.6,2.24,1137,0
Seattle Mariners,18,27.9,4.02,75,87,.463,3.76,162,162,154,8,11,6,43,1456.2,1359,651,608,166,449,39,1166,49,5,61,6062,102,4.00,1.241,8.4,1.0,2.8,7.2,2.60,1039,0
San Francisco Giants,23,30.0,4.01,94,68,.580,3.68,162,162,157,5,14,4,53,1451.0,1361,649,593,142,489,42,1237,51,4,54,6138,96,3.78,1.275,8.4,0.9,3.0,7.7,2.53,1136,1
St. Louis Cardinals,24,28.6,4.00,88,74,.543,3.71,162,162,158,4,10,2,42,1462.2,1420,648,603,134,436,28,1218,50,4,46,6158,103,3.62,1.269,8.7,0.8,2.7,7.5,2.79,1122,1
Tampa Bay Rays,18,28.1,3.56,90,72,.556,3.19,162,162,155,7,15,4,50,1459.2,1233,577,518,139,469,35,1383,54,4,59,6000,121,3.51,1.166,7.6,0.9,2.9,8.5,2.95,1044,0
Texas Rangers,21,28.8,4.36,93,69,.574,3.99,162,162,155,7,10,2,43,1442.0,1378,707,639,175,446,15,1286,41,8,53,6067,109,3.90,1.265,8.6,1.1,2.8,8.0,2.88,1034,1
Toronto Blue Jays,34,27.8,4.84,73,89,.451,4.64,162,162,157,5,11,4,29,1443.2,1439,784,745,204,574,20,1142,55,7,56,6216,91,4.66,1.394,9.0,1.3,3.6,7.1,1.99,1101,0
Washington Nationals,19,27.0,3.67,98,64,.605,3.33,162,162,159,3,9,1,51,1468.1,1296,594,543,129,497,32,1325,47,4,62,6133,120,3.54,1.221,7.9,0.8,3.0,8.1,2.67,1134,1
Arizona Diamondbacks,23,27.6,4.29,81,81,.500,3.92,162,162,156,6,7,2,38,1495.0,1460,695,651,176,485,42,1218,60,3,84,6338,99,4.04,1.301,8.8,1.1,2.9,7.3,2.51,1158,0
Atlanta Braves,21,27.2,3.38,96,66,.593,3.18,162,162,161,1,12,0,53,1450.1,1326,548,512,127,409,35,1232,51,3,50,5989,118,3.44,1.196,8.2,0.8,2.5,7.6,3.01,1090,1
Baltimore Orioles,26,27.9,4.38,85,77,.525,4.20,162,162,160,2,6,1,57,1453.0,1438,709,678,202,473,32,1169,50,3,38,6144,98,4.33,1.315,8.9,1.3,2.9,7.2,2.47,1076,0
Boston Red Sox,26,30.2,4.05,97,65,.599,3.79,162,162,157,5,8,2,33,1454.0,1366,656,613,156,524,10,1294,47,5,47,6143,109,3.84,1.300,8.5,1.0,3.2,8.0,2.47,1125,1
Chicago Cubs,31,28.7,4.25,66,96,.407,4.00,162,162,159,3,6,1,39,1448.0,1332,689,643,160,540,43,1184,62,4,59,6149,97,4.10,1.293,8.3,1.0,3.4,7.4,2.19,1116,0
Chicago White Sox,24,27.1,4.46,63,99,.389,3.98,162,162,157,5,5,1,40,1455.0,1424,723,643,182,509,24,1249,60,4,62,6214,106,4.13,1.329,8.8,1.1,3.1,7.7,2.45,1126,0
Cincinnati Reds,20,27.7,3.64,90,72,.556,3.38,162,162,157,5,17,2,43,1473.2,1294,589,554,170,435,28,1296,66,5,44,6077,112,3.81,1.173,7.9,1.0,2.7,7.9,2.98,1067,1
Cleveland Indians,28,27.5,4.09,92,70,.568,3.82,162,162,159,3,16,3,38,1441.1,1359,662,611,147,554,26,1379,58,3,71,6154,100,3.73,1.327,8.5,0.9,3.5,8.6,2.49,1168,1
Colorado Rockies,23,28.3,4.69,74,88,.457,4.44,162,162,161,1,5,0,35,1436.0,1545,760,708,136,517,52,1064,40,15,62,6248,101,3.96,1.436,9.7,0.9,3.2,6.7,2.06,1180,0
Detroit Tigers,20,28.4,3.85,93,69,.574,3.61,162,162,159,3,12,1,39,1462.2,1369,624,587,128,462,29,1428,42,7,63,6119,116,3.27,1.252,8.4,0.8,2.8,8.8,3.09,1107,1
Houston Astros,26,27.2,5.23,51,111,.315,4.79,162,162,160,2,5,1,32,1440.0,1530,848,766,191,616,32,1084,56,6,61,6370,85,4.67,1.490,9.6,1.2,3.9,6.8,1.76,1202,0
Kansas City Royals,21,28.9,3.71,86,76,.531,3.45,162,162,157,5,12,2,52,1448.1,1366,601,555,155,469,21,1208,41,4,60,6049,120,3.83,1.267,8.5,1.0,2.9,7.5,2.58,1103,0
Los Angeles Angels of Anaheim,26,29.1,4.55,78,84,.481,4.23,162,162,158,4,12,2,41,1457.2,1475,737,685,167,533,36,1200,45,4,74,6298,89,4.08,1.378,9.1,1.0,3.3,7.4,2.25,1188,0
Los Angeles Dodgers,27,28.1,3.59,92,70,.568,3.25,162,162,155,7,22,4,46,1450.1,1321,582,524,127,460,44,1292,43,3,66,6032,110,3.44,1.228,8.2,0.8,2.9,8.0,2.81,1099,1
Miami Marlins,26,26.0,3.99,62,100,.383,3.71,162,162,160,2,13,1,36,1460.0,1376,646,602,121,526,58,1177,47,2,53,6166,104,3.69,1.303,8.5,0.7,3.2,7.3,2.24,1140,0
Milwaukee Brewers,21,28.8,4.24,74,88,.457,3.84,162,162,158,4,15,2,40,1442.2,1401,687,615,175,466,29,1125,43,2,51,6100,101,4.12,1.294,8.7,1.1,2.9,7.0,2.41,1085,0
Minnesota Twins,23,28.3,4.86,66,96,.407,4.55,162,162,161,1,7,1,40,1450.1,1591,788,733,168,458,31,985,44,4,50,6257,90,4.23,1.413,9.9,1.0,2.8,6.1,2.15,1118,0
New York Mets,29,29.1,4.22,74,88,.457,3.77,162,162,158,4,10,2,40,1476.2,1442,684,618,152,458,38,1209,54,3,47,6249,95,3.79,1.287,8.8,0.9,2.8,7.4,2.64,1135,0
New York Yankees,24,31.8,4.14,85,77,.525,3.94,162,162,155,7,10,3,49,1447.1,1452,671,633,171,437,34,1233,51,1,57,6128,102,3.89,1.305,9.0,1.1,2.7,7.7,2.82,1115,0
Oakland Athletics,19,28.3,3.86,96,66,.593,3.56,162,162,156,6,13,4,46,1452.0,1339,625,574,163,428,23,1183,35,1,56,6069,109,3.83,1.217,8.3,1.0,2.7,7.3,2.76,1088,1
Philadelphia Phillies,27,28.7,4.62,73,89,.451,4.32,162,162,156,6,3,2,32,1436.1,1465,749,689,152,506,33,1199,62,6,48,6213,87,3.94,1.372,9.2,1.0,3.2,7.5,2.37,1155,0
Pittsburgh Pirates,29,28.7,3.56,94,68,.580,3.26,162,162,159,3,16,0,55,1470.2,1299,577,533,101,515,26,1261,70,6,81,6147,109,3.42,1.233,7.9,0.6,3.2,7.7,2.45,1158,1
San Diego Padres,23,28.8,4.32,76,86,.469,3.98,162,162,159,3,6,1,40,1455.0,1407,700,643,156,525,31,1171,40,2,51,6179,86,4.00,1.328,8.7,1.0,3.2,7.2,2.23,1114,0
Seattle Mariners,22,28.0,4.65,71,91,.438,4.31,162,162,158,4,14,2,43,1465.0,1467,754,702,174,478,48,1297,42,1,74,6257,86,3.89,1.328,9.0,1.1,2.9,8.0,2.71,1108,0
San Francisco Giants,21,29.6,4.27,76,86,.469,4.00,162,162,160,2,13,2,41,1447.1,1380,691,643,145,521,64,1256,50,4,60,6163,87,3.80,1.313,8.6,0.9,3.2,7.8,2.41,1130,0
St. Louis Cardinals,25,26.9,3.68,97,65,.599,3.42,162,162,155,7,15,4,44,1459.2,1366,596,555,112,451,26,1254,64,1,33,6104,110,3.39,1.245,8.4,0.7,2.8,7.7,2.78,1129,1
Tampa Bay Rays,21,29.0,3.96,92,71,.564,3.74,163,163,154,9,17,3,42,1464.0,1315,646,608,153,482,38,1310,52,6,69,6083,103,3.71,1.227,8.1,0.9,3.0,8.1,2.72,1045,1
Texas Rangers,25,27.9,3.90,91,72,.558,3.62,163,163,159,4,10,2,46,1463.1,1370,636,589,157,498,35,1309,48,5,68,6146,114,3.77,1.277,8.4,1.0,3.1,8.1,2.63,1120,0
Toronto Blue Jays,31,30.9,4.67,74,88,.457,4.25,162,162,158,4,11,2,39,1452.0,1451,756,685,195,500,33,1208,65,7,54,6250,97,4.30,1.344,9.0,1.2,3.1,7.5,2.42,1138,0
Washington Nationals,21,27.7,3.86,86,76,.531,3.59,162,162,156,6,13,4,47,1445.2,1367,626,576,142,405,17,1236,48,8,43,6038,106,3.56,1.226,8.5,0.9,2.5,7.7,3.05,1075,0
Arizona Diamondbacks,25,28.0,4.58,64,98,.395,4.26,162,162,160,2,4,1,35,1444.1,1467,742,683,154,469,43,1278,51,5,50,6162,88,3.83,1.340,9.1,1.0,2.9,8.0,2.72,1087,0
Atlanta Braves,20,27.3,3.69,79,83,.488,3.38,162,162,157,5,13,2,54,1455.0,1369,597,547,121,472,36,1301,37,1,75,6087,106,3.47,1.265,8.5,0.7,2.9,8.0,2.76,1125,0
Baltimore Orioles,20,27.7,3.66,96,66,.593,3.43,162,162,159,3,13,2,53,1461.1,1342,593,557,151,472,25,1174,59,2,42,6104,115,3.96,1.241,8.3,0.9,2.9,7.2,2.49,1127,1
Boston Red Sox,25,29.9,4.41,71,91,.438,4.01,162,162,159,3,7,2,36,1465.2,1458,715,653,154,482,19,1213,47,5,51,6231,100,3.93,1.324,9.0,0.9,3.0,7.4,2.52,1119,0
Chicago Cubs,27,28.0,4.36,73,89,.451,3.91,162,162,161,1,11,1,37,1463.1,1398,707,636,115,504,37,1311,55,3,64,6208,97,3.51,1.300,8.6,0.7,3.1,8.1,2.60,1111,0
Chicago White Sox,26,27.4,4.68,73,89,.451,4.29,162,162,159,3,6,0,36,1441.0,1468,758,687,140,557,42,1152,69,3,75,6255,88,4.09,1.405,9.2,0.9,3.5,7.2,2.07,1174,0
Cincinnati Reds,25,28.0,3.78,76,86,.469,3.59,162,162,157,5,13,3,44,1446.0,1282,612,576,163,507,33,1290,69,5,45,6067,103,4.01,1.237,8.0,1.0,3.2,8.0,2.54,1117,0
Cleveland Indians,23,27.2,4.03,85,77,.525,3.56,162,162,156,6,15,4,40,1468.1,1398,653,581,135,464,51,1450,58,2,56,6193,110,3.42,1.268,8.6,0.8,2.8,8.9,3.13,1135,0
Colorado Rockies,26,28.5,5.05,66,96,.407,4.84,162,162,161,1,4,1,24,1431.0,1528,818,770,173,531,32,1074,54,8,72,6248,88,4.43,1.439,9.6,1.1,3.3,6.8,2.02,1137,0
Detroit Tigers,30,28.5,4.35,90,72,.556,4.01,162,162,157,5,8,4,41,1454.0,1475,705,648,127,462,34,1244,42,9,43,6191,97,3.60,1.332,9.1,0.8,2.9,7.7,2.69,1124,1
Houston Astros,28,27.9,4.46,70,92,.432,4.11,162,162,155,7,3,2,31,1438.2,1437,723,657,139,484,32,1137,52,7,57,6154,94,3.93,1.335,9.0,0.9,3.0,7.1,2.35,1115,0
Kansas City Royals,23,28.9,3.85,89,73,.549,3.51,162,162,159,3,14,2,53,1450.2,1386,624,565,128,440,14,1168,56,6,58,6101,113,3.69,1.259,8.6,0.8,2.7,7.2,2.65,1125,1
Los Angeles Angels of Anaheim,31,28.4,3.89,98,64,.605,3.58,162,162,159,3,13,2,46,1482.2,1307,630,590,126,504,41,1342,63,4,74,6179,101,3.57,1.221,7.9,0.8,3.1,8.1,2.66,1101,1
Los Angeles Dodgers,25,29.9,3.81,94,68,.580,3.40,162,162,155,7,16,3,47,1464.2,1338,617,554,142,429,35,1373,41,4,64,6075,103,3.48,1.206,8.2,0.9,2.6,8.4,3.20,1064,1
Miami Marlins,25,26.4,4.16,77,85,.475,3.78,162,162,159,3,16,3,42,1457.2,1481,674,613,114,458,35,1190,49,4,56,6217,98,3.56,1.330,9.1,0.7,2.8,7.3,2.60,1170,0
Milwaukee Brewers,21,29.0,4.06,82,80,.506,3.67,162,162,159,3,9,3,45,1457.2,1386,657,594,167,431,20,1246,42,2,44,6106,103,3.89,1.247,8.6,1.0,2.7,7.7,2.89,1076,0
Minnesota Twins,23,29.2,4.80,70,92,.432,4.57,162,162,160,2,7,0,38,1435.0,1588,777,728,147,408,24,1031,45,6,50,6212,86,3.97,1.391,10.0,0.9,2.6,6.5,2.53,1130,0
New York Mets,22,28.9,3.81,79,83,.488,3.49,162,162,161,1,11,1,42,1463.2,1370,618,568,141,509,38,1303,50,1,56,6170,99,3.75,1.284,8.4,0.9,3.1,8.0,2.56,1161,0
New York Yankees,33,29.3,4.10,84,78,.519,3.75,162,162,157,5,10,2,48,1453.0,1392,664,605,164,398,23,1370,65,6,49,6114,103,3.67,1.232,8.6,1.0,2.5,8.5,3.44,1091,0
Oakland Athletics,23,28.2,3.53,88,74,.543,3.22,162,162,155,7,13,3,31,1463.1,1269,572,524,147,406,28,1244,48,1,59,5972,116,3.67,1.145,7.8,0.9,2.5,7.7,3.06,1010,1
Philadelphia Phillies,26,30.1,4.24,73,89,.451,3.79,162,162,160,2,12,0,40,1468.1,1396,687,619,134,521,43,1255,69,1,49,6261,99,3.81,1.306,8.6,0.8,3.2,7.7,2.41,1169,0
Pittsburgh Pirates,23,28.1,3.90,88,74,.543,3.47,162,162,160,2,7,1,48,1456.1,1341,631,562,128,499,43,1228,88,3,71,6130,103,3.80,1.263,8.3,0.8,3.1,7.6,2.46,1130,1
San Diego Padres,24,28.8,3.56,77,85,.475,3.27,162,162,158,4,10,3,41,1438.2,1300,577,523,117,462,32,1284,46,4,57,6006,104,3.46,1.225,8.1,0.7,2.9,8.0,2.78,1113,0
Seattle Mariners,20,29.0,3.42,87,75,.537,3.17,162,162,160,2,9,1,51,1452.0,1240,554,512,137,463,36,1317,52,8,80,5974,115,3.61,1.173,7.7,0.8,2.9,8.2,2.84,1064,0
San Francisco Giants,21,31.7,3.79,88,74,.543,3.50,162,162,154,8,12,3,46,1449.0,1305,614,564,133,389,35,1211,57,6,49,5947,99,3.58,1.169,8.1,0.8,2.4,7.5,3.11,986,1
St. Louis Cardinals,24,27.2,3.72,90,72,.556,3.50,162,162,154,8,23,5,55,1448.2,1321,603,564,123,470,35,1221,61,5,44,6069,104,3.65,1.236,8.2,0.8,2.9,7.6,2.60,1120,1
Tampa Bay Rays,23,28.4,3.86,77,85,.475,3.56,162,162,159,3,22,1,37,1463.2,1292,625,579,145,482,27,1437,58,3,65,6131,105,3.56,1.212,7.9,0.9,3.0,8.8,2.98,1115,0
Texas Rangers,41,27.9,4.77,67,95,.414,4.49,162,162,156,6,17,4,33,1426.1,1510,773,711,160,505,43,1110,61,7,61,6195,89,4.22,1.413,9.5,1.0,3.2,7.0,2.20,1143,0
Toronto Blue Jays,27,29.6,4.23,83,79,.512,4.00,162,162,159,3,16,2,45,1443.0,1400,686,642,151,490,23,1199,57,5,43,6150,95,3.97,1.310,8.7,0.9,3.1,7.5,2.45,1135,0
Washington Nationals,18,28.3,3.43,96,66,.593,3.03,162,162,157,5,19,4,45,1470.2,1351,555,495,110,352,26,1288,51,2,37,6020,124,3.17,1.158,8.3,0.7,2.2,7.9,3.66,1053,1
Arizona Diamondbacks,27,27.1,4.40,79,83,.488,4.04,162,162,161,1,12,1,44,1466.2,1450,713,659,182,500,45,1215,48,3,51,6257,102,4.21,1.330,8.9,1.1,3.1,7.5,2.43,1144,0
Atlanta Braves,37,26.6,4.69,67,95,.414,4.41,162,162,159,3,10,2,44,1425.1,1462,760,698,170,550,45,1148,53,9,53,6156,88,4.34,1.412,9.2,1.1,3.5,7.2,2.09,1120,0
Baltimore Orioles,22,28.3,4.28,81,81,.500,4.05,162,162,162,0,10,0,43,1434.2,1406,693,646,174,483,27,1233,54,0,46,6085,102,4.11,1.317,8.8,1.1,3.0,7.7,2.55,1088,0
Boston Red Sox,26,28.6,4.65,78,84,.481,4.31,162,162,159,3,10,1,40,1448.1,1486,753,694,178,478,17,1218,62,10,79,6225,100,4.17,1.356,9.2,1.1,3.0,7.6,2.55,1127,0
Chicago Cubs,29,29.3,3.75,97,65,.599,3.36,162,162,156,6,21,4,48,1461.1,1276,608,546,134,407,38,1431,46,3,66,5997,114,3.30,1.152,7.9,0.8,2.5,8.8,3.52,1005,1
Chicago White Sox,24,27.8,4.33,76,86,.469,3.98,162,162,155,7,9,4,37,1452.2,1443,701,643,162,474,34,1359,62,2,61,6181,98,3.82,1.320,8.9,1.0,2.9,8.4,2.87,1122,0
Cincinnati Reds,28,27.3,4.65,64,98,.395,4.33,162,162,160,2,8,1,35,1453.1,1436,754,700,177,544,42,1252,58,11,54,6271,92,4.24,1.362,8.9,1.1,3.4,7.8,2.30,1157,0
Cleveland Indians,27,27.3,3.98,81,80,.503,3.67,161,161,150,11,10,1,38,1432.2,1274,640,584,161,425,27,1407,48,5,48,5904,117,3.62,1.186,8.0,1.0,2.7,8.8,3.31,966,0
Colorado Rockies,30,28.7,5.21,68,94,.420,5.04,162,162,158,4,4,1,36,1426.1,1579,844,799,183,579,42,1112,48,6,66,6308,92,4.56,1.513,10.0,1.2,3.7,7.0,1.92,1185,0
Detroit Tigers,27,28.7,4.99,74,87,.460,4.64,161,161,154,7,12,4,35,1447.0,1491,803,746,193,489,32,1100,46,8,60,6188,86,4.46,1.368,9.3,1.2,3.0,6.8,2.25,1044,0
Houston Astros,24,29.4,3.81,86,76,.531,3.57,162,162,157,5,13,3,39,1441.0,1308,618,572,148,423,17,1280,43,2,61,5965,110,3.66,1.201,8.2,0.9,2.6,8.0,3.03,1024,1
Kansas City Royals,24,30.0,3.96,95,67,.586,3.73,162,162,160,2,8,1,56,1452.0,1372,641,601,155,489,10,1160,52,2,62,6112,112,4.04,1.282,8.5,1.0,3.0,7.2,2.37,1115,1
Los Angeles Angels of Anaheim,25,28.3,4.17,85,77,.525,3.94,162,162,160,2,12,2,46,1440.2,1355,675,630,166,466,45,1221,71,4,61,6096,96,4.06,1.264,8.5,1.0,2.9,7.6,2.62,1099,0
Los Angeles Dodgers,31,28.1,3.67,92,70,.568,3.44,162,162,156,6,21,3,47,1445.2,1317,595,553,145,395,32,1396,38,10,52,5932,107,3.41,1.184,8.2,0.9,2.5,8.7,3.53,1000,1
Miami Marlins,29,27.3,4.19,71,91,.438,4.02,162,162,162,0,12,0,35,1427.0,1374,678,638,141,508,25,1152,52,3,53,6050,95,3.98,1.319,8.7,0.9,3.2,7.3,2.27,1091,0
Milwaukee Brewers,26,28.4,4.55,68,94,.420,4.28,162,162,161,1,7,0,40,1435.0,1432,737,682,176,517,36,1260,55,5,71,6148,93,4.17,1.358,9.0,1.1,3.2,7.9,2.44,1106,0
Minnesota Twins,24,29.1,4.32,83,79,.512,4.07,162,162,160,2,12,0,45,1443.0,1506,700,653,163,413,34,1046,41,2,54,6139,100,4.10,1.330,9.4,1.0,2.6,6.5,2.53,1110,0
New York Mets,26,28.2,3.78,90,72,.556,3.43,162,162,161,1,14,1,50,1462.2,1341,613,557,152,383,43,1337,44,2,46,6046,111,3.53,1.179,8.3,0.9,2.4,8.2,3.49,1045,1
New York Yankees,33,27.4,4.31,87,75,.537,4.03,162,162,159,3,4,0,48,1457.2,1416,698,652,182,474,16,1370,56,4,78,6191,101,3.97,1.297,8.7,1.1,2.9,8.5,2.89,1120,1
Oakland Athletics,30,27.8,4.50,68,94,.420,4.14,162,162,157,5,15,3,28,1444.2,1402,729,664,172,474,19,1179,47,4,62,6128,94,4.13,1.299,8.7,1.1,3.0,7.3,2.49,1065,0
Philadelphia Phillies,30,28.5,4.99,63,99,.389,4.69,162,162,161,1,7,1,35,1436.1,1592,809,749,191,488,37,1153,61,7,60,6332,82,4.40,1.448,10.0,1.2,3.1,7.2,2.36,1214,0
Pittsburgh Pirates,21,29.6,3.68,98,64,.605,3.21,162,162,162,0,13,0,54,1489.2,1392,596,532,110,453,38,1338,75,4,67,6215,121,3.36,1.239,8.4,0.7,2.7,8.1,2.95,1150,1
San Diego Padres,26,29.1,4.51,74,88,.457,4.09,162,162,161,1,6,0,41,1440.1,1371,731,655,171,516,35,1393,54,3,54,6093,91,3.93,1.310,8.6,1.1,3.2,8.7,2.70,1041,0
Seattle Mariners,28,28.6,4.48,76,86,.469,4.16,162,162,156,6,12,5,45,1463.0,1430,726,677,181,491,41,1283,70,5,72,6223,92,4.14,1.313,8.8,1.1,3.0,7.9,2.61,1108,0
San Francisco Giants,21,31.5,3.87,84,78,.519,3.72,162,162,155,7,18,4,41,1444.1,1344,627,597,155,431,28,1165,50,4,40,6009,103,3.91,1.229,8.4,1.0,2.7,7.3,2.70,1049,0
St. Louis Cardinals,23,28.2,3.24,100,62,.617,2.94,162,162,161,1,15,0,62,1464.2,1359,525,478,123,477,37,1329,45,5,48,6134,134,3.47,1.254,8.4,0.8,2.9,8.2,2.79,1215,1
Tampa Bay Rays,27,26.7,3.96,80,82,.494,3.74,162,162,161,1,12,1,60,1453.1,1314,642,604,175,477,23,1355,46,5,81,6069,105,3.91,1.232,8.1,1.1,3.0,8.4,2.84,1067,0
Texas Rangers,31,28.1,4.52,88,74,.543,4.24,162,162,157,5,9,3,45,1442.2,1459,733,680,171,508,29,1095,63,5,51,6215,100,4.34,1.363,9.1,1.1,3.2,6.8,2.16,1154,1
Toronto Blue Jays,28,29.2,4.14,93,69,.574,3.80,162,162,155,7,10,2,34,1441.0,1353,670,609,173,397,20,1117,59,4,62,5984,108,4.09,1.214,8.5,1.1,2.5,7.0,2.81,991,1
Washington Nationals,26,28.6,3.92,83,79,.512,3.62,162,162,158,4,13,3,41,1434.2,1366,635,577,145,364,37,1342,55,4,39,5975,110,3.45,1.206,8.6,0.9,2.3,8.4,3.69,1036,0
Arizona Diamondbacks,29,26.4,5.49,69,93,.426,5.09,162,162,160,2,7,2,31,1451.1,1563,890,821,202,603,57,1318,57,7,69,6437,88,4.50,1.492,9.7,1.3,3.7,8.2,2.19,1193,0
Atlanta Braves,35,26.4,4.84,68,93,.422,4.51,161,161,160,1,9,1,39,1447.2,1414,779,725,177,547,55,1227,70,4,83,6250,92,4.32,1.355,8.8,1.1,3.4,7.6,2.24,1128,0
Baltimore Orioles,27,27.9,4.41,89,73,.549,4.22,162,162,161,1,9,0,54,1432.0,1408,715,671,183,545,23,1248,51,3,59,6122,102,4.31,1.364,8.8,1.2,3.4,7.8,2.29,1111,1
Boston Red Sox,26,29.0,4.28,93,69,.574,4.00,162,162,153,9,5,1,43,1439.2,1342,694,640,176,490,16,1362,65,0,52,6073,112,4.00,1.273,8.4,1.1,3.1,8.5,2.78,1060,1
Chicago Cubs,26,29.9,3.43,103,58,.640,3.15,162,162,157,5,15,2,38,1459.2,1125,556,511,163,495,24,1441,63,0,80,5933,133,3.77,1.110,6.9,1.0,3.1,8.9,2.91,998,1
Chicago White Sox,28,28.6,4.41,78,84,.481,4.10,162,162,155,7,10,1,43,1446.2,1422,715,659,185,521,30,1270,68,2,72,6196,99,4.27,1.343,8.8,1.2,3.2,7.9,2.44,1141,0
Cincinnati Reds,32,27.1,5.27,68,94,.420,4.91,162,162,160,2,8,1,28,1442.0,1457,854,786,258,636,31,1241,78,12,61,6348,87,5.24,1.451,9.1,1.6,4.0,7.7,1.95,1168,0
Cleveland Indians,27,28.1,4.20,94,67,.584,3.84,161,161,156,5,11,3,37,1445.0,1330,676,617,186,461,34,1398,34,7,49,6033,118,3.91,1.239,8.3,1.2,2.9,8.7,3.03,1022,1
Colorado Rockies,25,27.7,5.31,75,87,.463,4.91,162,162,160,2,9,2,37,1429.1,1532,860,779,181,547,38,1223,70,5,72,6289,99,4.38,1.455,9.6,1.1,3.4,7.7,2.24,1141,0
Detroit Tigers,23,29.0,4.48,86,75,.534,4.24,161,161,158,3,8,1,47,1428.0,1417,721,672,182,462,25,1232,51,4,44,6048,101,4.16,1.316,8.9,1.1,2.9,7.8,2.67,1043,0
Houston Astros,23,28.9,4.33,84,78,.519,4.06,162,162,160,2,8,1,44,1468.0,1441,701,663,181,453,19,1396,39,2,98,6180,97,3.85,1.290,8.8,1.1,2.8,8.6,3.08,1075,0
Kansas City Royals,21,29.9,4.40,81,81,.500,4.21,162,162,159,3,7,0,41,1440.0,1433,712,674,206,517,8,1287,60,7,55,6182,102,4.42,1.354,9.0,1.3,3.2,8.0,2.49,1150,0
Los Angeles Angels,30,28.4,4.49,74,88,.457,4.28,162,162,158,4,12,3,29,1421.1,1480,727,676,208,498,27,1136,56,10,47,6120,94,4.62,1.392,9.4,1.3,3.2,7.2,2.28,1129,0
Los Angeles Dodgers,31,28.9,3.94,91,71,.562,3.70,162,162,159,3,15,3,47,1453.0,1266,638,598,165,464,51,1510,53,5,58,6014,109,3.61,1.191,7.8,1.0,2.9,9.4,3.25,1017,1
Miami Marlins,31,28.0,4.24,79,82,.491,4.05,161,161,161,0,12,0,55,1435.0,1358,682,646,152,595,62,1379,61,3,66,6164,98,3.97,1.361,8.5,1.0,3.7,8.6,2.32,1177,0
Milwaukee Brewers,27,28.1,4.52,73,89,.451,4.08,162,162,162,0,7,0,46,1434.1,1450,733,650,178,532,33,1175,66,2,48,6188,105,4.37,1.382,9.1,1.1,3.3,7.4,2.21,1152,0
Minnesota Twins,29,28.3,5.49,59,103,.364,5.08,162,162,158,4,3,1,26,1443.0,1617,889,814,221,479,26,1191,41,7,83,6314,83,4.57,1.453,10.1,1.4,3.0,7.4,2.49,1096,0
New York Mets,22,28.4,3.81,87,75,.537,3.57,162,162,161,1,13,1,55,1447.0,1397,617,574,152,439,39,1396,35,7,50,6067,113,3.56,1.269,8.7,0.9,2.7,8.7,3.18,1109,1
New York Yankees,29,27.9,4.33,84,78,.519,4.16,162,162,162,0,10,0,48,1428.1,1358,702,660,214,444,15,1393,57,2,52,6023,104,4.20,1.262,8.6,1.3,2.8,8.8,3.14,1036,0
Oakland Athletics,27,27.9,4.70,69,93,.426,4.51,162,162,160,2,7,1,42,1433.1,1459,761,718,185,464,28,1188,50,3,70,6144,91,4.24,1.342,9.2,1.2,2.9,7.5,2.56,1083,0
Philadelphia Phillies,27,26.3,4.91,71,91,.438,4.63,162,162,158,4,12,3,43,1437.0,1468,796,739,213,466,30,1299,51,9,57,6164,91,4.34,1.346,9.2,1.3,2.9,8.1,2.79,1057,0
Pittsburgh Pirates,32,28.6,4.68,78,83,.484,4.21,162,162,157,5,5,1,51,1450.2,1490,758,679,180,533,28,1232,68,7,71,6292,99,4.30,1.395,9.2,1.1,3.3,7.6,2.31,1182,0
San Diego Padres,32,28.1,4.75,68,94,.420,4.43,162,162,161,1,9,0,35,1440.0,1425,770,708,183,569,44,1222,53,3,67,6228,90,4.40,1.385,8.9,1.1,3.6,7.6,2.15,1138,0
Seattle Mariners,32,28.8,4.36,86,76,.531,4.00,162,162,160,2,8,2,49,1457.0,1410,707,647,213,460,30,1318,55,7,52,6147,102,4.30,1.283,8.7,1.3,2.8,8.1,2.87,1069,0
San Francisco Giants,25,30.0,3.90,87,75,.537,3.65,162,162,152,10,11,3,43,1460.1,1334,631,593,158,439,30,1309,46,6,40,6049,109,3.76,1.214,8.2,1.0,2.7,8.1,2.98,1037,1
St. Louis Cardinals,21,28.0,4.40,86,76,.531,4.08,162,162,160,2,10,2,38,1448.1,1432,712,656,159,475,35,1290,52,1,50,6164,100,3.88,1.317,8.9,1.0,3.0,8.0,2.72,1107,0
Tampa Bay Rays,25,26.9,4.40,68,94,.420,4.20,162,162,161,1,8,1,42,1426.1,1395,713,665,210,491,25,1357,32,7,61,6076,96,4.26,1.322,8.8,1.3,3.1,8.6,2.76,1084,0
Texas Rangers,31,28.8,4.67,95,67,.586,4.37,162,162,161,1,6,0,56,1443.0,1441,757,700,201,534,16,1154,53,5,45,6186,104,4.58,1.369,9.0,1.3,3.3,7.2,2.16,1100,1
Toronto Blue Jays,29,29.8,4.11,89,73,.549,3.78,162,162,162,0,10,0,43,1459.1,1340,666,613,183,461,10,1314,59,7,50,6113,113,4.04,1.234,8.3,1.1,2.8,8.1,2.85,1069,1
Washington Nationals,24,29.1,3.78,95,67,.586,3.51,162,162,161,1,12,0,46,1459.2,1272,612,570,155,468,43,1476,57,4,47,6036,122,3.58,1.192,7.8,1.0,2.9,9.1,3.15,1044,1
Arizona Diamondbacks,23,28.7,4.07,93,69,.574,3.66,162,162,160,2,11,1,43,1441.0,1309,659,586,171,516,45,1482,38,5,82,6072,128,3.80,1.266,8.2,1.1,3.2,9.3,2.87,1090,1
Atlanta Braves,26,29.4,5.07,72,90,.444,4.72,162,162,162,0,6,0,36,1441.1,1463,821,756,192,584,39,1258,70,5,58,6306,93,4.51,1.420,9.1,1.2,3.6,7.9,2.15,1161,0
Baltimore Orioles,26,28.2,5.19,75,87,.463,4.97,162,162,161,1,10,1,35,1441.0,1505,841,795,242,579,21,1233,60,6,53,6293,88,4.96,1.446,9.4,1.5,3.6,7.7,2.13,1129,0
Boston Red Sox,27,28.4,4.12,93,69,.574,3.70,162,162,157,5,11,1,39,1482.1,1384,668,610,195,465,18,1580,49,3,43,6217,123,3.78,1.247,8.4,1.2,2.8,9.6,3.40,1102,1
Chicago Cubs,28,30.8,4.29,92,70,.568,3.95,162,162,160,2,8,1,38,1447.1,1294,695,636,194,554,29,1439,66,4,73,6108,112,4.20,1.277,8.0,1.2,3.4,8.9,2.60,1071,1
Chicago White Sox,31,28.7,5.06,67,95,.414,4.78,162,162,162,0,3,0,25,1421.2,1384,820,755,242,632,36,1193,68,5,67,6200,90,5.17,1.418,8.8,1.5,4.0,7.6,1.89,1115,0
Cincinnati Reds,31,27.6,5.36,68,94,.420,5.17,162,162,160,2,8,1,33,1430.0,1442,869,821,248,631,37,1300,77,7,62,6286,87,5.08,1.450,9.1,1.6,4.0,8.2,2.06,1127,0
Cleveland Indians,20,28.9,3.48,102,60,.630,3.30,162,162,155,7,19,3,37,1440.2,1267,564,529,163,406,15,1614,45,1,48,5866,138,3.33,1.161,7.9,1.0,2.5,10.1,3.98,980,1
Colorado Rockies,21,27.0,4.67,87,75,.537,4.51,162,162,161,1,9,1,47,1437.2,1453,757,721,190,532,20,1270,50,10,69,6177,112,4.32,1.381,9.1,1.2,3.3,8.0,2.39,1107,1
Detroit Tigers,29,28.3,5.52,64,98,.395,5.36,162,162,160,2,4,1,32,1420.1,1587,894,846,218,538,42,1202,61,4,53,6298,84,4.73,1.496,10.1,1.4,3.4,7.6,2.23,1143,0
Houston Astros,27,28.5,4.32,101,61,.623,4.12,162,162,161,1,9,0,45,1446.0,1314,700,662,192,522,17,1593,70,4,86,6111,99,3.91,1.270,8.2,1.2,3.2,9.9,3.05,1073,1
Kansas City Royals,29,30.3,4.88,80,82,.494,4.61,162,162,161,1,6,1,39,1437.2,1480,791,737,196,519,24,1216,52,6,48,6218,97,4.43,1.390,9.3,1.2,3.2,7.6,2.34,1114,0
Los Angeles Angels,31,29.1,4.38,80,82,.494,4.20,162,162,161,1,10,1,43,1440.2,1373,709,672,224,470,25,1312,44,6,57,6030,102,4.43,1.279,8.6,1.4,2.9,8.2,2.79,999,0
Los Angeles Dodgers,26,29.7,3.58,104,58,.642,3.38,162,162,160,2,16,0,51,1444.2,1226,580,543,184,442,33,1549,40,10,40,5925,123,3.67,1.155,7.6,1.1,2.8,9.6,3.50,1011,1
Miami Marlins,24,28.7,5.07,77,85,.475,4.82,162,162,161,1,7,1,34,1442.2,1450,822,772,193,627,59,1202,75,3,57,6318,83,4.69,1.440,9.0,1.2,3.9,7.5,1.92,1168,0
Milwaukee Brewers,30,28.3,4.30,86,76,.531,4.00,162,162,161,1,12,0,54,1445.2,1381,697,642,185,553,45,1346,64,2,50,6164,110,4.24,1.338,8.6,1.2,3.4,8.4,2.43,1130,0
Minnesota Twins,36,29.6,4.86,85,77,.525,4.59,162,162,156,6,11,3,42,1436.0,1487,788,732,224,483,37,1166,69,8,52,6205,97,4.72,1.372,9.3,1.4,3.0,7.3,2.41,1109,1
New York Mets,29,27.5,5.33,70,92,.432,5.01,162,162,160,2,5,0,34,1434.2,1538,863,799,220,593,51,1374,55,5,55,6378,83,4.59,1.485,9.6,1.4,3.7,8.6,2.32,1211,0
New York Yankees,25,27.8,4.07,91,71,.562,3.72,162,162,160,2,7,1,36,1448.2,1248,660,599,192,504,18,1560,53,4,83,6078,121,3.88,1.209,7.8,1.2,3.1,9.7,3.10,1072,1
Oakland Athletics,28,27.9,5.10,75,87,.463,4.67,162,162,161,1,6,1,35,1431.0,1444,826,743,210,502,17,1202,61,3,84,6167,90,4.57,1.360,9.1,1.3,3.2,7.6,2.39,1048,0
Philadelphia Phillies,31,26.8,4.83,66,96,.407,4.55,162,162,161,1,7,0,33,1441.0,1471,782,729,221,527,39,1309,63,11,50,6235,95,4.56,1.387,9.2,1.4,3.3,8.2,2.48,1130,0
Pittsburgh Pirates,24,27.1,4.51,75,87,.463,4.22,162,162,160,2,12,1,36,1440.2,1464,731,676,182,511,32,1262,58,2,58,6208,101,4.23,1.371,9.1,1.1,3.2,7.9,2.47,1155,0
San Diego Padres,32,27.7,5.04,71,91,.438,4.67,162,162,160,2,12,1,45,1430.2,1417,816,742,226,554,28,1325,75,11,73,6169,90,4.67,1.378,8.9,1.4,3.5,8.3,2.39,1061,0
Seattle Mariners,40,27.8,4.77,78,84,.481,4.46,162,162,161,1,9,0,39,1440.1,1399,772,713,237,490,28,1244,53,7,73,6132,94,4.70,1.312,8.7,1.5,3.1,7.8,2.54,1039,0
San Francisco Giants,22,28.9,4.79,64,98,.395,4.50,162,162,159,3,5,2,32,1452.0,1515,776,726,182,496,42,1234,50,3,55,6287,95,4.22,1.385,9.4,1.1,3.1,7.6,2.49,1155,0
St. Louis Cardinals,25,28.3,4.35,83,79,.512,4.01,162,162,159,3,12,3,43,1450.1,1393,705,646,183,493,50,1351,67,0,38,6153,106,4.09,1.300,8.6,1.1,3.1,8.4,2.74,1097,0
Tampa Bay Rays,31,27.6,4.35,80,82,.494,3.97,162,162,162,0,9,0,53,1445.0,1324,704,638,193,503,37,1352,48,4,83,6099,106,4.17,1.264,8.2,1.2,3.1,8.4,2.69,1060,0
Texas Rangers,31,28.8,5.04,78,84,.481,4.66,162,162,160,2,6,1,29,1434.1,1443,816,742,214,559,22,1107,74,7,63,6211,103,4.88,1.396,9.1,1.3,3.5,6.9,1.98,1092,0
Toronto Blue Jays,34,28.8,4.84,76,86,.469,4.42,162,162,160,2,6,0,45,1465.0,1460,784,720,203,549,25,1372,48,4,53,6316,102,4.31,1.371,9.0,1.2,3.4,8.4,2.50,1137,0
Washington Nationals,24,30.1,4.15,97,65,.599,3.88,162,162,159,3,5,1,46,1446.2,1300,672,623,189,495,39,1457,60,5,44,6068,116,3.99,1.241,8.1,1.2,3.1,9.1,2.94,1056,1
Arizona Diamondbacks,30,29.6,3.98,82,80,.506,3.72,162,162,160,2,9,1,39,1463.0,1313,644,605,174,522,43,1448,57,5,69,6139,113,3.91,1.254,8.1,1.1,3.2,8.9,2.77,1106,0
Atlanta Braves,35,27.7,4.06,90,72,.556,3.75,162,162,160,2,11,1,40,1456.2,1236,657,607,153,635,43,1423,52,8,61,6155,110,3.98,1.284,7.6,0.9,3.9,8.8,2.24,1128,1
Baltimore Orioles,30,27.1,5.51,47,115,.290,5.18,162,162,160,2,7,0,28,1431.0,1552,892,824,234,589,29,1203,67,8,81,6340,83,4.98,1.496,9.8,1.5,3.7,7.6,2.04,1155,0
Boston Red Sox,23,28.9,3.99,108,54,.667,3.75,162,162,160,2,14,0,46,1458.2,1305,647,608,176,512,8,1558,84,3,51,6166,118,3.82,1.246,8.1,1.1,3.2,9.6,3.04,1143,1
Chicago Cubs,35,30.2,3.96,95,68,.583,3.65,163,163,162,1,18,0,46,1476.1,1319,645,598,157,622,33,1333,66,3,46,6264,115,4.13,1.315,8.0,1.0,3.8,8.1,2.14,1190,1
Chicago White Sox,31,27.6,5.23,62,100,.383,4.83,162,162,162,0,8,0,34,1437.0,1404,848,771,196,653,25,1259,89,9,94,6339,88,4.73,1.431,8.8,1.2,4.1,7.9,1.93,1180,0
Cincinnati Reds,32,27.1,5.06,67,95,.414,4.63,162,162,161,1,6,0,38,1441.0,1491,819,741,228,532,60,1258,50,8,48,6279,90,4.66,1.404,9.3,1.4,3.3,7.9,2.36,1137,0
Cleveland Indians,27,29.4,4.00,91,71,.562,3.77,162,162,157,5,17,2,41,1457.1,1349,648,611,200,407,29,1544,59,2,54,6071,115,3.78,1.205,8.3,1.2,2.5,9.5,3.79,1051,1
Colorado Rockies,21,27.9,4.57,91,72,.558,4.33,163,163,163,0,10,0,51,1452.1,1377,745,699,184,525,24,1409,52,8,70,6154,109,4.06,1.310,8.5,1.1,3.3,8.7,2.68,1052,1
Detroit Tigers,27,28.6,4.91,64,98,.395,4.58,162,162,162,0,2,0,37,1425.1,1423,796,726,216,491,20,1215,60,4,54,6130,98,4.58,1.343,9.0,1.4,3.1,7.7,2.47,1058,0
Houston Astros,22,30.0,3.30,103,59,.636,3.11,162,162,159,3,12,2,46,1455.0,1164,534,503,152,435,4,1687,66,4,67,5913,134,3.23,1.099,7.2,0.9,2.7,10.4,3.88,1014,1
Kansas City Royals,27,27.6,5.14,58,104,.358,4.94,162,162,160,2,8,0,33,1432.0,1542,833,786,205,549,28,1157,51,4,68,6284,88,4.66,1.460,9.7,1.3,3.5,7.3,2.11,1155,0
Los Angeles Angels,35,27.5,4.46,80,82,.494,4.15,162,162,161,1,9,1,35,1437.1,1353,722,662,205,546,17,1386,65,3,87,6108,102,4.36,1.321,8.5,1.3,3.4,8.7,2.54,1074,0
Los Angeles Dodgers,31,29.2,3.74,92,71,.564,3.38,163,163,163,0,11,0,48,1476.0,1279,610,554,179,422,39,1565,61,10,39,6096,115,3.60,1.152,7.8,1.1,2.6,9.5,3.71,1058,1
Miami Marlins,29,27.6,5.02,63,98,.391,4.76,161,161,160,1,12,0,30,1442.0,1388,809,762,192,605,73,1249,71,6,47,6236,81,4.56,1.382,8.7,1.2,3.8,7.8,2.06,1101,0
Milwaukee Brewers,30,28.8,4.04,96,67,.589,3.73,163,163,163,0,14,0,49,1461.0,1259,659,606,173,553,34,1428,61,5,50,6114,110,4.01,1.240,7.8,1.1,3.4,8.8,2.58,1072,1
Minnesota Twins,36,28.5,4.78,78,84,.481,4.50,162,162,160,2,7,1,37,1443.1,1425,775,721,198,573,34,1377,80,0,59,6287,96,4.39,1.384,8.9,1.2,3.6,8.6,2.40,1182,0
New York Mets,30,28.0,4.36,77,85,.475,4.07,162,162,159,3,15,1,41,1460.2,1364,707,661,185,484,32,1446,71,2,26,6178,92,3.97,1.265,8.4,1.1,3.0,8.9,2.99,1089,0
New York Yankees,27,28.8,4.13,100,62,.617,3.78,162,162,160,2,11,2,49,1456.1,1311,669,611,177,494,9,1634,58,4,73,6141,112,3.63,1.239,8.1,1.1,3.1,10.1,3.31,1103,1
Oakland Athletics,34,29.2,4.16,97,65,.599,3.81,162,162,160,2,14,2,44,1465.2,1303,674,621,184,474,19,1237,53,2,86,6099,109,4.18,1.212,8.0,1.1,2.9,7.6,2.61,1028,1
Philadelphia Phillies,31,26.8,4.49,80,82,.494,4.14,162,162,162,0,12,0,44,1445.2,1366,728,665,171,500,35,1465,60,7,81,6138,100,3.83,1.291,8.5,1.1,3.1,9.1,2.93,1073,0
Pittsburgh Pirates,24,26.5,4.30,82,79,.509,4.00,161,161,158,3,16,2,40,1434.0,1380,693,637,174,497,43,1336,69,6,95,6144,98,4.06,1.309,8.7,1.1,3.1,8.4,2.69,1149,0
San Diego Padres,30,27.7,4.73,66,96,.407,4.40,162,162,162,0,5,0,36,1457.0,1430,767,713,185,519,28,1399,68,4,52,6254,88,4.10,1.338,8.8,1.1,3.2,8.6,2.70,1116,0
Seattle Mariners,32,29.0,4.39,89,73,.549,4.13,162,162,159,3,12,1,60,1448.2,1396,711,664,195,400,21,1328,72,3,57,6073,99,4.05,1.240,8.7,1.2,2.5,8.3,3.32,1016,0
San Francisco Giants,27,28.6,4.31,73,89,.451,3.95,162,162,161,1,15,1,36,1461.1,1387,699,641,156,524,37,1269,45,4,44,6191,97,3.98,1.308,8.5,1.0,3.2,7.8,2.42,1108,0
St. Louis Cardinals,30,26.7,4.27,88,74,.543,3.85,162,162,161,1,8,1,43,1455.1,1354,691,622,144,593,49,1337,67,4,63,6271,101,3.97,1.338,8.4,0.9,3.7,8.3,2.25,1214,0
Tampa Bay Rays,31,27.1,3.99,90,72,.556,3.74,162,162,162,0,14,0,52,1448.1,1236,646,602,164,501,34,1421,53,6,55,5992,110,3.82,1.199,7.7,1.0,3.1,8.8,2.84,1001,0
Texas Rangers,32,30.4,5.23,67,95,.414,4.92,162,162,161,1,5,0,42,1431.0,1516,848,783,222,491,23,1121,72,8,57,6231,97,4.79,1.403,9.5,1.4,3.1,7.1,2.28,1090,0
Toronto Blue Jays,36,29.3,5.14,73,89,.451,4.85,162,162,162,0,3,0,39,1433.2,1476,832,772,208,551,19,1298,67,5,71,6265,88,4.53,1.414,9.3,1.3,3.5,8.1,2.36,1132,0
Washington Nationals,31,30.2,4.21,82,80,.506,4.04,162,162,160,2,7,1,40,1446.0,1320,682,649,198,487,37,1417,76,6,42,6087,106,4.15,1.250,8.2,1.2,3.0,8.8,2.91,1067,0
