Team,#Bat,BatAge,R/G,G,PA,AB,R,H,2B,3B,HR,RBI,SB,CS,BB,SO,BA,OBP,SLG,OPS,OPS+,TB,GDP,HBP,SH,SF,IBB,LOB,Postseason
2010 Arizona Diamondbacks,48,26.8,4.40,162,6183,5473,713,1366,301,34,180,691,86,41,589,1529,.250,.325,.416,.740,94,2275,113,39,41,41,45,1139,0
2010 Atlanta Braves,43,28.6,4.56,162,6252,5463,738,1411,312,25,139,699,63,29,634,1140,.258,.339,.401,.740,101,2190,136,51,69,35,50,1222,1
2010 Baltimore Orioles,45,28.6,3.78,162,6109,5554,613,1440,264,21,133,577,76,34,424,1056,.259,.316,.386,.702,92,2145,154,54,31,45,32,1139,0
2010 Boston Red Sox,53,30.9,5.05,162,6356,5646,818,1511,358,22,211,782,68,17,587,1140,.268,.339,.451,.790,109,2546,130,47,29,46,43,1200,0
2010 Chicago Cubs,44,29.3,4.23,162,6140,5512,685,1414,298,27,149,658,55,31,479,1236,.257,.320,.401,.721,90,2213,124,50,60,38,32,1129,0
2010 Chicago White Sox,40,30.6,4.64,162,6118,5484,752,1467,263,21,177,710,160,74,467,922,.268,.332,.420,.752,102,2303,148,79,50,38,23,1046,0
2010 Cincinnati Reds,44,29.0,4.88,162,6285,5579,790,1515,293,30,188,761,93,43,522,1218,.272,.338,.436,.774,106,2432,113,68,66,50,34,1174,1
2010 Cleveland Indians,45,27.2,3.99,162,6165,5487,646,1362,290,20,128,601,91,33,545,1184,.248,.322,.378,.700,96,2076,118,64,36,33,34,1186,0
2010 Colorado Rockies,43,28.8,4.75,162,6265,5530,770,1452,270,54,173,741,99,42,585,1274,.263,.336,.425,.760,92,2349,103,47,56,47,53,1175,0
2010 Detroit Tigers,41,29.0,4.64,162,6312,5643,751,1515,308,32,152,717,69,30,546,1147,.268,.335,.415,.750,102,2343,118,41,41,41,50,1229,0
2010 Florida Marlins,57,26.9,4.44,162,6194,5531,719,1403,294,37,152,686,92,26,514,1375,.254,.321,.403,.724,92,2227,107,55,51,43,42,1154,0
2010 Houston Astros,48,29.6,3.77,162,6005,5452,611,1348,252,25,108,577,100,36,415,1025,.247,.303,.362,.665,81,1974,130,33,75,29,27,1060,0
2010 Kansas City Royals,46,28.9,4.17,162,6209,5604,676,1534,279,31,121,640,115,50,471,905,.274,.331,.399,.730,100,2238,152,35,45,53,25,1173,0
2010 Los Angeles Angels of Anaheim,46,29.6,4.20,162,6089,5488,681,1363,276,19,155,656,104,52,466,1070,.248,.311,.390,.702,94,2142,125,52,42,37,28,1049,0
2010 Los Angeles Dodgers,49,30.3,4.12,162,6140,5426,667,1368,270,29,120,621,92,50,533,1184,.252,.322,.379,.700,92,2056,123,46,85,50,57,1142,0
2010 Milwaukee Brewers,43,27.9,4.63,162,6304,5606,750,1471,293,33,182,710,81,26,546,1216,.262,.335,.424,.759,103,2376,115,81,35,35,35,1220,0
2010 Minnesota Twins,42,28.4,4.82,162,6257,5568,781,1521,318,41,142,749,68,28,559,967,.273,.341,.422,.762,109,2347,159,39,38,53,45,1156,1
2010 New York Mets,47,28.4,4.05,162,6144,5465,656,1361,266,40,128,625,130,44,502,1095,.249,.314,.383,.697,90,2091,101,46,74,57,53,1124,0
2010 New York Yankees,43,30.3,5.30,162,6379,5567,859,1485,275,32,201,823,103,30,662,1136,.267,.350,.436,.786,108,2427,124,73,33,44,36,1228,1
2010 Oakland Athletics,49,27.8,4.09,162,6117,5448,663,1396,276,30,109,619,156,38,527,1061,.256,.324,.378,.702,92,2059,129,47,43,51,16,1159,0
2010 Philadelphia Phillies,42,31.8,4.77,162,6291,5581,772,1451,290,34,166,736,108,21,560,1064,.260,.332,.413,.745,98,2307,120,63,44,43,69,1194,1
2010 Pittsburgh Pirates,52,26.5,3.62,162,5974,5386,587,1303,276,27,126,570,87,36,463,1207,.242,.304,.373,.678,84,2011,119,33,58,33,28,1078,0
2010 San Diego Padres,40,29.1,4.10,162,6148,5434,665,1338,236,24,132,630,124,50,538,1183,.246,.317,.371,.689,93,2018,106,50,79,46,67,1125,0
2010 Seattle Mariners,47,29.5,3.17,162,5989,5409,513,1274,227,16,101,485,142,39,459,1184,.236,.298,.339,.637,79,1836,110,39,42,40,33,1116,0
2010 San Francisco Giants,42,29.5,4.30,162,6143,5488,697,1411,284,30,162,660,55,32,487,1099,.257,.321,.408,.729,98,2241,158,50,76,41,53,1092,1
2010 St. Louis Cardinals,42,28.8,4.54,162,6241,5542,736,1456,285,18,150,689,79,41,541,1027,.263,.332,.402,.733,100,2227,124,50,66,40,78,1164,0
2010 Tampa Bay Rays,37,27.5,4.95,162,6270,5439,802,1343,295,37,160,769,172,47,672,1292,.247,.333,.403,.736,105,2192,92,57,39,57,30,1152,1
2010 Texas Rangers,48,28.3,4.86,162,6302,5635,787,1556,268,25,162,740,123,48,511,986,.276,.338,.419,.757,98,2360,129,45,53,54,37,1174,1
2010 Toronto Blue Jays,44,29.3,4.66,162,6072,5495,755,1364,319,21,257,732,58,20,471,1164,.248,.312,.454,.766,105,2496,114,55,16,34,25,1017,0
2010 Washington Nationals,46,29.1,4.04,162,6100,5418,655,1355,250,31,149,634,110,41,503,1220,.250,.318,.390,.708,91,2114,125,60,71,47,36,1113,0
2011 Arizona Diamondbacks,51,28.3,4.51,162,6096,5421,731,1357,293,37,172,702,133,55,531,1249,.250,.322,.413,.736,99,2240,82,61,50,33,55,1064,1
2011 Atlanta Braves,45,28.9,3.96,162,6169,5528,641,1345,244,16,173,606,77,44,504,1260,.243,.308,.387,.695,90,2140,113,28,75,30,45,1109,0
2011 Baltimore Orioles,50,28.3,4.37,162,6156,5585,708,1434,273,13,191,684,81,25,452,1120,.257,.316,.413,.729,97,2306,154,52,24,43,24,1069,0
2011 Boston Red Sox,49,30.0,5.40,162,6414,5710,875,1600,352,35,203,842,102,42,578,1108,.280,.349,.461,.810,116,2631,136,50,22,50,52,1190,0
2011 Chicago Cubs,42,29.2,4.04,162,6130,5549,654,1423,285,36,148,610,69,23,425,1202,.256,.314,.401,.715,95,2224,123,59,60,35,35,1141,0
2011 Chicago White Sox,42,30.0,4.04,162,6159,5502,654,1387,252,16,154,625,81,53,475,989,.252,.319,.388,.706,89,2133,125,84,52,46,31,1126,0
2011 Cincinnati Reds,42,28.6,4.54,162,6329,5612,735,1438,264,19,183,697,97,50,535,1250,.256,.326,.408,.734,98,2289,98,63,78,40,52,1189,0
2011 Cleveland Indians,46,27.8,4.35,162,6142,5509,704,1380,290,26,154,671,89,42,494,1269,.250,.317,.396,.714,100,2184,111,65,31,43,30,1075,0
2011 Colorado Rockies,55,28.6,4.54,162,6275,5544,735,1429,274,40,163,697,118,42,555,1201,.258,.329,.410,.739,88,2272,112,57,75,44,54,1172,0
2011 Detroit Tigers,45,28.7,4.86,162,6231,5563,787,1540,297,34,169,750,49,20,521,1143,.277,.340,.434,.773,109,2412,142,39,50,58,47,1165,1
2011 Florida Marlins,44,27.4,3.86,162,6232,5508,625,1358,274,30,149,596,95,41,542,1244,.247,.318,.388,.706,93,2139,111,51,89,42,38,1198,0
2011 Houston Astros,47,28.2,3.80,162,6150,5598,615,1442,309,28,95,579,118,33,401,1164,.258,.311,.374,.684,89,2092,111,46,66,37,34,1154,0
2011 Kansas City Royals,42,25.8,4.51,162,6267,5672,730,1560,325,41,129,705,153,58,442,1006,.275,.329,.415,.744,104,2354,121,39,55,57,37,1156,0
2011 Los Angeles Angels of Anaheim,43,28.9,4.12,162,6088,5513,667,1394,289,34,155,629,135,52,442,1086,.253,.313,.402,.714,102,2216,126,51,50,32,33,1051,0
2011 Los Angeles Dodgers,48,29.8,4.00,161,6094,5436,644,1395,237,28,117,613,126,40,498,1087,.257,.322,.375,.697,95,2039,101,45,71,43,61,1165,0
2011 Milwaukee Brewers,48,28.9,4.45,162,6113,5447,721,1422,276,31,185,693,94,31,481,1083,.261,.325,.425,.750,102,2315,114,56,85,44,53,1110,1
2011 Minnesota Twins,45,27.5,3.82,162,6020,5487,619,1357,259,25,103,572,92,39,440,1048,.247,.306,.360,.666,84,1975,115,37,31,25,24,1080,0
2011 New York Mets,46,28.0,4.43,162,6335,5600,718,1477,309,39,108,676,130,35,571,1085,.264,.335,.391,.725,103,2188,112,51,65,48,56,1257,0
2011 New York Yankees,48,30.6,5.35,162,6306,5518,867,1452,267,33,222,836,147,46,627,1138,.263,.343,.444,.788,110,2451,146,74,36,51,34,1114,1
2011 Oakland Athletics,48,29.1,3.98,162,6104,5452,645,1330,280,29,114,612,117,43,509,1094,.244,.311,.369,.680,88,2010,119,50,34,57,20,1106,0
2011 Philadelphia Phillies,42,31.5,4.40,162,6279,5579,713,1409,258,38,153,693,96,24,539,1024,.253,.323,.395,.717,96,2202,108,56,65,38,52,1197,1
2011 Pittsburgh Pirates,52,27.2,3.77,162,6064,5421,610,1325,277,35,107,580,108,52,489,1308,.244,.309,.368,.676,90,1993,123,34,75,44,31,1079,0
2011 San Diego Padres,48,28.0,3.66,162,6074,5417,593,1284,247,42,91,563,170,44,501,1320,.237,.305,.349,.653,85,1888,105,48,55,47,42,1103,0
2011 Seattle Mariners,47,29.4,3.43,162,5972,5421,556,1263,253,22,109,534,125,40,435,1280,.233,.292,.348,.640,84,1887,82,37,38,41,33,1083,0
2011 San Francisco Giants,44,30.2,3.52,162,6091,5486,570,1327,282,24,121,534,85,51,448,1122,.242,.303,.368,.671,91,2020,117,52,62,43,47,1127,0
2011 St. Louis Cardinals,46,29.3,4.70,162,6242,5532,762,1513,308,22,162,726,57,39,542,978,.273,.341,.425,.766,112,2351,169,44,84,40,64,1127,1
2011 Tampa Bay Rays,42,28.3,4.36,162,6152,5436,707,1324,273,37,172,674,155,62,571,1193,.244,.322,.402,.724,104,2187,101,73,37,35,31,1118,1
2011 Texas Rangers,45,29.1,5.28,162,6261,5659,855,1599,310,32,210,807,143,45,475,930,.283,.340,.460,.800,110,2603,135,39,39,49,35,1126,1
2011 Toronto Blue Jays,53,28.3,4.59,162,6210,5559,743,1384,285,34,186,704,131,52,525,1184,.249,.317,.413,.730,96,2295,108,48,31,47,41,1090,0
2011 Washington Nationals,44,28.4,3.88,161,6090,5441,624,1319,257,22,154,594,106,38,470,1323,.242,.309,.383,.691,89,2082,103,65,82,32,40,1114,0
2012 Arizona Diamondbacks,48,28.3,4.53,162,6150,5462,734,1416,307,33,165,710,93,51,539,1266,.259,.328,.418,.746,99,2284,108,41,61,45,47,1122,0
2012 Atlanta Braves,41,28.4,4.32,162,6126,5425,700,1341,263,30,149,660,101,32,567,1289,.247,.320,.389,.709,90,2111,108,34,53,46,37,1127,1
2012 Baltimore Orioles,52,28.0,4.40,162,6160,5560,712,1375,270,16,214,677,58,29,480,1315,.247,.311,.417,.728,97,2319,152,50,38,30,24,1027,1
2012 Boston Red Sox,56,29.4,4.53,162,6166,5604,734,1459,339,16,165,695,97,31,428,1197,.260,.315,.415,.730,96,2325,105,45,34,55,27,1076,0
2012 Chicago Cubs,53,27.8,3.78,162,5967,5411,613,1297,265,36,137,570,94,45,447,1235,.240,.302,.378,.680,83,2045,125,43,42,24,29,1044,0
2012 Chicago White Sox,45,30.0,4.62,162,6111,5518,748,1409,228,29,211,726,109,43,461,1203,.255,.318,.422,.740,98,2328,112,65,31,36,24,1038,0
2012 Cincinnati Reds,38,28.8,4.13,162,6115,5477,669,1377,296,30,172,636,87,27,481,1266,.251,.315,.411,.726,93,2249,100,47,73,37,54,1135,1
2012 Cleveland Indians,48,27.8,4.12,162,6195,5525,667,1385,266,24,136,635,110,44,555,1087,.251,.324,.381,.705,99,2107,141,59,17,39,28,1162,0
2012 Colorado Rockies,49,28.0,4.68,162,6183,5577,758,1526,306,52,166,716,100,40,450,1213,.274,.330,.436,.766,93,2434,132,36,74,39,34,1111,0
2012 Detroit Tigers,47,27.9,4.48,162,6119,5476,726,1467,279,39,163,698,59,23,511,1103,.268,.335,.422,.757,103,2313,156,57,36,39,46,1121,1
2012 Houston Astros,50,26.6,3.60,162,6014,5407,583,1276,238,28,146,545,105,46,463,1365,.236,.302,.371,.673,82,2008,114,58,54,30,19,1090,0
2012 Kansas City Royals,46,26.1,4.17,162,6149,5636,676,1492,295,37,131,643,132,38,404,1032,.265,.317,.400,.716,94,2254,130,42,26,41,35,1087,0
2012 Los Angeles Angels of Anaheim,44,28.7,4.73,162,6121,5536,767,1518,273,22,187,732,134,33,449,1113,.274,.332,.433,.764,114,2396,138,47,47,41,29,1079,0
2012 Los Angeles Dodgers,50,30.4,3.93,162,6091,5438,637,1369,269,23,116,607,104,44,481,1156,.252,.317,.374,.690,91,2032,139,52,82,38,49,1112,0
2012 Miami Marlins,45,28.3,3.76,162,6057,5437,609,1327,261,39,137,576,149,41,484,1228,.244,.308,.382,.690,85,2077,114,35,60,40,46,1092,0
2012 Milwaukee Brewers,46,29.1,4.79,162,6225,5557,776,1442,300,39,202,741,158,39,466,1240,.259,.325,.437,.762,101,2426,111,90,76,35,35,1104,0
2012 Minnesota Twins,47,28.8,4.33,162,6209,5562,701,1448,270,30,131,666,135,37,505,1069,.260,.325,.390,.715,98,2171,149,53,33,56,28,1144,0
2012 New York Mets,49,27.9,4.01,162,6091,5450,650,1357,286,21,139,625,79,38,503,1250,.249,.316,.386,.701,94,2102,118,42,64,30,43,1118,0
2012 New York Yankees,45,32.9,4.96,162,6231,5524,804,1462,280,13,245,774,93,27,565,1176,.265,.337,.453,.790,112,2503,136,62,31,49,31,1135,1
2012 Oakland Athletics,50,27.7,4.40,162,6183,5527,713,1315,267,32,195,676,122,32,550,1387,.238,.310,.404,.714,99,2231,97,45,27,34,29,1095,1
2012 Philadelphia Phillies,49,31.1,4.22,162,6172,5544,684,1414,271,28,158,659,116,23,454,1094,.255,.317,.400,.716,92,2215,114,63,72,39,41,1135,0
2012 Pittsburgh Pirates,49,27.7,4.02,162,6014,5412,651,1313,241,37,170,620,73,52,444,1354,.243,.304,.395,.699,93,2138,98,51,62,45,32,1049,0
2012 San Diego Padres,53,27.4,4.02,162,6112,5422,651,1339,272,43,121,610,155,46,539,1238,.247,.319,.380,.699,97,2060,100,54,63,34,36,1146,0
2012 Seattle Mariners,38,27.1,3.82,162,6057,5494,619,1285,241,27,149,584,104,35,466,1259,.234,.296,.369,.665,88,2027,95,30,32,35,21,1052,0
2012 San Francisco Giants,45,27.8,4.43,162,6200,5558,718,1495,287,57,103,675,118,39,483,1097,.269,.327,.397,.724,106,2205,114,29,69,61,44,1171,1
2012 St. Louis Cardinals,45,29.2,4.72,162,6326,5622,765,1526,290,37,159,732,91,37,533,1192,.271,.338,.421,.759,107,2367,135,53,69,49,45,1198,1
2012 Tampa Bay Rays,43,29.7,4.30,162,6105,5398,697,1293,250,30,175,665,134,44,571,1323,.240,.317,.394,.711,99,2128,133,58,34,42,26,1058,0
2012 Texas Rangers,39,29.7,4.99,162,6216,5590,808,1526,303,32,200,780,91,44,478,1103,.273,.334,.446,.780,105,2493,121,57,36,53,44,1113,1
2012 Toronto Blue Jays,54,27.8,4.42,162,6094,5487,716,1346,247,22,198,677,123,41,473,1251,.245,.309,.407,.716,94,2231,109,55,33,45,29,1026,0
2012 Washington Nationals,43,27.2,4.51,162,6221,5615,731,1468,301,25,194,688,105,35,479,1325,.261,.322,.428,.750,101,2401,110,41,50,36,43,1127,1
2013 Arizona Diamondbacks,44,28.1,4.23,162,6334,5676,685,1468,302,31,130,647,62,41,519,1142,.259,.323,.391,.715,96,2222,160,43,50,43,51,1160,0
2013 Atlanta Braves,44,26.8,4.25,162,6133,5441,688,1354,247,21,181,656,64,31,542,1384,.249,.321,.402,.723,99,2186,119,55,58,35,36,1132,1
2013 Baltimore Orioles,52,27.8,4.60,162,6144,5620,745,1460,298,14,212,719,79,29,416,1125,.260,.313,.431,.744,101,2422,105,36,27,45,36,1053,0
2013 Boston Red Sox,48,29.6,5.27,162,6382,5651,853,1566,363,29,178,819,123,19,581,1308,.277,.349,.446,.795,116,2521,137,72,24,50,51,1212,1
2013 Chicago Cubs,56,27.9,3.72,162,6079,5498,602,1307,297,18,172,576,63,32,439,1230,.238,.300,.392,.693,89,2156,120,67,43,30,28,1092,0
2013 Chicago White Sox,47,29.2,3.69,162,6077,5563,598,1385,237,19,148,574,105,42,411,1207,.249,.302,.378,.680,84,2104,124,34,19,48,23,1068,0
2013 Cincinnati Reds,39,28.5,4.31,162,6293,5499,698,1370,274,20,155,664,67,35,585,1245,.249,.327,.391,.718,98,2149,129,76,85,46,65,1191,1
2013 Cleveland Indians,49,28.6,4.60,162,6165,5465,745,1391,290,23,171,711,117,36,562,1283,.255,.327,.410,.737,107,2240,106,51,31,56,19,1126,1
2013 Colorado Rockies,43,27.7,4.36,162,6152,5599,706,1511,283,36,159,673,112,32,427,1204,.270,.323,.418,.741,91,2343,111,26,65,35,26,1118,0
2013 Detroit Tigers,39,30.0,4.91,162,6388,5735,796,1625,292,23,176,767,35,20,531,1073,.283,.346,.434,.780,111,2491,146,43,32,47,40,1250,1
2013 Houston Astros,50,25.8,3.77,162,6020,5457,610,1307,266,16,148,566,110,61,426,1535,.240,.299,.375,.674,86,2049,110,52,46,38,17,1007,0
2013 Kansas City Royals,43,26.9,4.00,162,6093,5549,648,1443,254,34,112,620,153,32,422,1048,.260,.315,.379,.694,89,2101,131,42,37,42,38,1110,0
2013 Los Angeles Angels of Anaheim,49,27.8,4.52,162,6260,5588,733,1476,270,39,164,696,82,34,523,1221,.264,.329,.414,.743,110,2316,150,48,37,64,40,1144,0
2013 Los Angeles Dodgers,49,30.6,4.01,162,6145,5491,649,1447,281,17,138,618,78,28,476,1146,.264,.326,.396,.722,103,2176,130,57,71,48,45,1175,1
2013 Miami Marlins,53,27.7,3.17,162,6021,5449,513,1257,219,31,95,485,78,29,432,1232,.231,.293,.335,.627,73,1823,131,56,57,26,31,1080,0
2013 Milwaukee Brewers,40,27.9,3.95,162,6064,5474,640,1381,238,43,157,610,142,50,407,1183,.252,.311,.398,.708,93,2176,116,71,77,35,22,1071,0
2013 Minnesota Twins,44,28.2,3.79,162,6212,5564,614,1346,285,15,151,590,52,33,533,1430,.242,.312,.380,.692,90,2114,103,52,29,32,20,1206,0
2013 New York Mets,53,28.3,3.82,162,6207,5559,619,1318,263,32,130,593,114,35,512,1384,.237,.306,.366,.672,91,2035,106,51,53,32,40,1137,0
2013 New York Yankees,56,31.9,4.01,162,6045,5449,650,1321,247,24,144,614,115,31,466,1214,.242,.307,.376,.683,88,2048,121,57,36,36,33,1064,0
2013 Oakland Athletics,44,28.3,4.73,162,6209,5521,767,1403,301,25,186,725,74,28,573,1178,.254,.327,.419,.745,107,2312,108,45,21,49,29,1126,1
2013 Philadelphia Phillies,51,30.0,3.77,162,6014,5456,610,1355,255,32,140,578,73,29,417,1205,.248,.306,.384,.690,91,2094,131,53,57,31,41,1061,0
2013 Pittsburgh Pirates,49,27.9,3.91,162,6135,5486,634,1346,273,35,161,603,94,42,469,1330,.245,.313,.396,.709,100,2172,120,88,62,29,41,1126,1
2013 San Diego Padres,47,28.1,3.81,162,6122,5517,618,1349,246,26,146,578,118,34,467,1309,.245,.308,.378,.686,97,2085,99,52,52,34,36,1126,0
2013 Seattle Mariners,47,28.7,3.85,162,6172,5558,624,1318,249,17,188,597,49,23,529,1353,.237,.306,.390,.695,98,2165,122,31,26,28,21,1131,0
2013 San Francisco Giants,44,28.7,3.88,162,6168,5552,629,1446,280,35,107,596,67,26,469,1078,.260,.320,.381,.702,100,2117,131,39,66,42,40,1187,0
2013 St. Louis Cardinals,44,28.7,4.83,162,6202,5557,783,1494,322,20,125,745,45,22,481,1110,.269,.332,.401,.733,102,2231,154,64,56,44,38,1087,1
2013 Tampa Bay Rays,42,29.5,4.29,163,6242,5538,700,1421,296,23,165,670,73,38,589,1171,.257,.329,.408,.737,106,2258,140,36,24,55,31,1172,1
2013 Texas Rangers,46,29.6,4.48,163,6196,5585,730,1465,262,23,176,691,149,46,462,1067,.262,.323,.412,.735,100,2301,124,61,45,42,26,1110,0
2013 Toronto Blue Jays,53,28.9,4.40,162,6152,5537,712,1398,273,24,185,669,112,41,510,1123,.252,.318,.411,.729,99,2274,133,38,29,38,19,1065,0
2013 Washington Nationals,44,27.7,4.05,162,6047,5436,656,1365,259,27,161,621,88,28,464,1192,.251,.313,.398,.710,94,2161,115,40,68,39,35,1071,0
2014 Arizona Diamondbacks,52,27.6,3.80,162,6089,5552,615,1379,259,47,118,573,86,33,398,1165,.248,.302,.376,.678,88,2086,115,43,56,36,31,1092,0
2014 Atlanta Braves,39,26.8,3.54,162,6064,5468,573,1316,240,22,123,545,95,33,472,1369,.241,.305,.360,.665,88,1969,121,43,53,27,31,1128,0
2014 Baltimore Orioles,44,28.3,4.35,162,6130,5596,705,1434,264,16,211,681,44,20,401,1285,.256,.311,.422,.734,104,2363,112,62,35,36,29,1088,1
2014 Boston Red Sox,55,29.1,3.91,162,6226,5551,634,1355,282,20,123,601,63,25,535,1337,.244,.316,.369,.684,91,2046,138,68,20,52,36,1168,0
2014 Chicago Cubs,48,26.8,3.79,162,6102,5508,614,1315,270,31,157,590,65,40,442,1477,.239,.300,.385,.684,89,2118,94,54,57,41,29,1069,0
2014 Chicago White Sox,44,27.7,4.07,162,6077,5543,660,1400,279,32,155,625,85,36,417,1362,.253,.310,.398,.708,102,2208,127,60,19,38,33,1071,0
2014 Cincinnati Reds,45,29.0,3.67,162,5978,5395,595,1282,254,20,131,562,122,52,415,1252,.238,.296,.365,.661,85,1969,88,52,76,37,22,1037,0
2014 Cleveland Indians,46,28.6,4.13,162,6222,5575,669,1411,284,23,142,644,104,27,504,1189,.253,.317,.389,.706,97,2167,126,42,51,49,24,1154,0
2014 Colorado Rockies,49,27.3,4.66,162,6164,5612,755,1551,307,41,186,721,85,48,397,1281,.276,.327,.445,.772,102,2498,121,48,59,48,39,1072,0
2014 Detroit Tigers,48,29.8,4.67,162,6202,5630,757,1557,325,26,155,731,106,41,443,1144,.277,.331,.426,.757,113,2399,137,44,24,61,51,1111,1
2014 Houston Astros,48,25.4,3.88,162,6055,5447,629,1317,240,19,163,596,122,37,495,1442,.242,.309,.383,.692,96,2084,122,55,22,36,27,1086,0
2014 Kansas City Royals,48,28.2,4.02,162,6058,5545,651,1456,286,29,95,604,153,36,380,985,.263,.314,.376,.690,92,2085,131,53,33,47,22,1080,1
2014 Los Angeles Angels of Anaheim,54,29.3,4.77,162,6285,5652,773,1464,304,31,155,729,81,39,492,1266,.259,.322,.406,.728,110,2295,112,60,26,54,42,1113,1
2014 Los Angeles Dodgers,49,29.4,4.43,162,6231,5560,718,1476,302,38,134,686,138,50,519,1246,.265,.333,.406,.738,110,2256,119,61,47,43,30,1159,1
2014 Miami Marlins,45,27.4,3.98,162,6185,5538,645,1399,254,36,122,614,58,21,501,1419,.253,.317,.378,.694,94,2091,143,35,71,39,49,1145,0
2014 Milwaukee Brewers,40,28.8,4.01,162,6065,5462,650,1366,297,28,150,617,102,43,423,1197,.250,.311,.397,.708,95,2169,135,73,70,37,32,1049,0
2014 Minnesota Twins,48,27.5,4.41,162,6233,5567,715,1412,316,27,128,675,99,36,544,1329,.254,.324,.389,.713,100,2166,97,53,25,44,29,1176,0
2014 New York Mets,45,28.4,3.88,162,6145,5472,629,1306,275,19,125,602,101,34,516,1264,.239,.308,.364,.673,93,1994,112,54,59,44,42,1123,0
2014 New York Yankees,58,32.8,3.91,162,6082,5497,633,1349,247,26,147,591,112,26,452,1133,.245,.307,.380,.687,94,2089,111,56,29,47,16,1098,0
2014 Oakland Athletics,45,29.6,4.50,162,6245,5545,729,1354,253,33,146,686,83,20,586,1104,.244,.320,.381,.700,100,2111,118,49,19,43,34,1147,1
2014 Philadelphia Phillies,49,30.7,3.82,162,6198,5603,619,1356,251,27,125,584,109,26,443,1306,.242,.302,.363,.665,85,2036,94,55,59,37,42,1147,0
2014 Pittsburgh Pirates,45,27.3,4.21,162,6224,5536,682,1436,275,30,156,659,104,47,520,1244,.259,.330,.404,.734,106,2239,127,78,54,35,46,1192,1
2014 San Diego Padres,51,27.9,3.30,162,5905,5294,535,1199,224,30,109,500,91,34,468,1294,.226,.292,.342,.634,84,1810,118,41,56,45,27,1033,0
2014 Seattle Mariners,44,27.5,3.91,162,5977,5450,634,1328,247,32,136,600,96,42,396,1232,.244,.300,.376,.676,95,2047,112,60,35,34,33,1008,0
2014 San Francisco Giants,46,28.6,4.10,162,6087,5523,665,1407,257,42,132,636,56,27,427,1245,.255,.311,.388,.699,100,2144,113,43,45,49,37,1095,1
2014 St. Louis Cardinals,46,28.5,3.82,162,6086,5426,619,1371,275,21,105,585,57,32,471,1133,.253,.320,.369,.689,93,2003,140,86,64,39,28,1145,1
2014 Tampa Bay Rays,43,29.3,3.78,162,6205,5516,612,1361,263,24,117,586,63,27,527,1124,.247,.317,.367,.684,96,2023,135,66,43,53,31,1193,0
2014 Texas Rangers,64,28.4,3.93,162,6026,5460,637,1400,260,28,111,597,105,59,417,1162,.256,.314,.375,.689,92,2049,148,61,41,45,37,1066,0
2014 Toronto Blue Jays,55,29.2,4.46,162,6167,5549,723,1435,282,24,177,690,78,21,502,1151,.259,.323,.414,.736,108,2296,128,41,35,40,27,1122,0
2014 Washington Nationals,40,28.7,4.23,162,6216,5542,686,1403,265,27,152,635,101,23,517,1304,.253,.321,.393,.714,96,2178,115,56,60,41,29,1160,1
2015 Arizona Diamondbacks,50,26.5,4.44,162,6276,5649,720,1494,289,48,154,680,132,44,490,1312,.264,.324,.414,.738,97,2341,134,33,46,57,40,1153,0
2015 Atlanta Braves,60,28.8,3.54,162,6034,5420,573,1361,251,18,100,548,69,33,471,1107,.251,.314,.359,.674,87,1948,148,44,67,31,39,1145,0
2015 Baltimore Orioles,48,27.9,4.40,162,6007,5485,713,1370,246,20,217,686,44,25,418,1331,.250,.307,.421,.728,97,2307,127,51,20,32,23,990,0
2015 Boston Red Sox,51,28.2,4.62,162,6237,5640,748,1495,294,33,161,706,71,27,478,1148,.265,.325,.415,.740,97,2338,127,46,30,42,28,1142,0
2015 Chicago Cubs,50,26.9,4.25,162,6200,5491,689,1341,272,30,171,657,95,37,567,1518,.244,.321,.398,.719,98,2186,101,74,32,35,47,1165,1
2015 Chicago White Sox,40,28.2,3.84,162,6070,5533,622,1381,260,27,136,595,68,42,404,1231,.250,.306,.380,.686,92,2103,125,65,30,37,22,1065,0
2015 Cincinnati Reds,50,29.5,3.95,162,6196,5571,640,1382,257,27,167,613,134,38,496,1255,.248,.312,.394,.706,92,2194,112,42,47,40,38,1148,0
2015 Cleveland Indians,49,28.0,4.16,161,6109,5439,669,1395,303,29,141,640,86,28,533,1157,.256,.325,.401,.725,93,2179,134,39,47,50,34,1147,0
2015 Colorado Rockies,51,28.0,4.55,162,6071,5572,737,1479,274,49,186,702,97,43,388,1283,.265,.315,.432,.748,89,2409,114,33,44,34,47,1016,0
2015 Detroit Tigers,47,28.3,4.28,161,6159,5605,689,1515,289,49,151,660,83,51,455,1259,.270,.328,.420,.748,105,2355,152,41,23,35,36,1111,0
2015 Houston Astros,46,26.3,4.50,162,6073,5459,729,1363,278,26,230,691,121,48,486,1392,.250,.315,.437,.752,107,2383,102,56,28,43,22,1036,1
2015 Kansas City Royals,45,29.1,4.47,162,6116,5575,724,1497,300,42,139,689,104,34,383,973,.269,.322,.412,.734,98,2298,133,77,34,47,28,1079,1
2015 Los Angeles Angels of Anaheim,51,28.7,4.08,162,5990,5417,661,1331,243,21,176,621,52,34,435,1150,.246,.307,.396,.702,97,2144,116,58,37,40,34,1013,0
2015 Los Angeles Dodgers,55,29.6,4.12,162,6090,5385,667,1346,263,26,187,638,59,34,563,1258,.250,.326,.413,.739,106,2222,135,60,49,30,31,1121,1
2015 Miami Marlins,51,27.9,3.78,162,5988,5463,613,1420,236,40,120,575,112,45,375,1150,.260,.310,.384,.694,93,2096,133,39,71,40,30,1059,0
2015 Milwaukee Brewers,49,28.1,4.04,162,6024,5480,655,1378,274,34,145,624,84,29,412,1299,.251,.307,.393,.700,91,2155,130,41,55,34,35,1026,0
2015 Minnesota Twins,44,28.2,4.30,162,6017,5467,696,1349,277,44,156,661,70,38,439,1264,.247,.305,.399,.704,92,2182,133,40,30,41,31,993,0
2015 New York Mets,49,28.6,4.22,162,6145,5527,683,1351,295,17,177,654,51,25,488,1290,.244,.312,.400,.712,96,2211,130,68,29,32,42,1098,1
2015 New York Yankees,56,31.4,4.72,162,6268,5567,764,1397,272,19,212,737,63,25,554,1227,.251,.323,.421,.744,102,2343,105,63,24,54,23,1151,1
2015 Oakland Athletics,52,27.9,4.28,162,6171,5600,694,1405,277,46,146,661,78,29,475,1119,.251,.312,.395,.707,96,2212,124,40,14,38,21,1102,0
2015 Philadelphia Phillies,50,28.0,3.86,162,6053,5529,626,1374,272,37,130,586,88,32,387,1274,.249,.303,.382,.684,89,2110,119,54,53,29,20,1066,0
2015 Pittsburgh Pirates,46,28.2,4.30,162,6285,5631,697,1462,292,27,140,661,98,45,461,1322,.260,.323,.396,.719,97,2228,115,89,63,41,46,1166,1
2015 San Diego Padres,46,27.7,4.01,162,6019,5457,650,1324,260,36,148,623,82,29,426,1327,.243,.300,.385,.685,91,2100,108,40,52,42,22,1028,0
2015 Seattle Mariners,51,28.6,4.05,162,6131,5544,656,1379,262,22,198,624,69,45,478,1336,.249,.311,.411,.722,101,2279,123,36,38,35,31,1080,0
2015 San Francisco Giants,48,28.9,4.30,162,6153,5565,696,1486,288,39,136,663,93,36,457,1159,.267,.326,.406,.732,101,2260,142,49,45,37,30,1130,0
2015 St. Louis Cardinals,46,28.4,3.99,162,6139,5484,647,1386,288,39,137,619,69,38,506,1267,.253,.321,.394,.716,95,2163,128,66,39,42,47,1152,1
2015 Tampa Bay Rays,51,28.5,3.98,162,6071,5485,644,1383,278,32,167,612,87,45,436,1310,.252,.314,.406,.720,100,2226,121,84,19,47,22,1075,0
2015 Texas Rangers,57,28.7,4.64,162,6187,5511,751,1419,279,32,172,707,101,39,503,1233,.257,.325,.413,.739,98,2278,99,76,43,54,32,1130,1
2015 Toronto Blue Jays,52,29.5,5.50,162,6232,5509,891,1480,308,17,232,852,88,23,570,1151,.269,.340,.457,.797,115,2518,140,54,36,62,12,1057,1
2015 Washington Nationals,44,28.4,4.34,162,6117,5428,703,1363,265,13,177,665,57,23,539,1344,.251,.321,.403,.724,96,2185,129,44,55,51,38,1114,0
2016 Arizona Diamondbacks,50,26.7,4.64,162,6260,5665,752,1479,285,56,190,709,137,31,463,1427,.261,.320,.432,.752,93,2446,117,50,43,38,43,1113,0
2016 Atlanta Braves,60,28.9,4.03,161,6192,5514,649,1404,295,27,122,615,75,34,502,1240,.255,.321,.384,.705,89,2119,145,59,64,52,60,1160,0
2016 Baltimore Orioles,47,28.5,4.59,162,6089,5524,744,1413,265,6,253,710,19,13,468,1324,.256,.317,.443,.760,101,2449,119,44,17,36,19,1065,1
2016 Boston Red Sox,50,28.5,5.42,162,6320,5670,878,1598,343,25,208,836,83,24,558,1160,.282,.348,.461,.810,112,2615,137,43,8,40,34,1162,1
2016 Chicago Cubs,45,27.4,4.99,162,6335,5503,808,1409,293,30,199,767,66,34,656,1339,.256,.343,.429,.772,104,2359,107,96,42,37,45,1217,1
2016 Chicago White Sox,50,28.3,4.23,162,6131,5550,686,1428,277,33,168,656,77,36,455,1285,.257,.317,.410,.727,99,2275,122,53,29,44,16,1105,0
2016 Cincinnati Reds,52,27.8,4.42,162,6094,5487,716,1403,277,33,164,678,139,51,452,1284,.256,.316,.408,.724,91,2238,129,52,58,44,37,1014,0
2016 Cleveland Indians,48,29.0,4.83,161,6155,5484,777,1435,308,29,185,733,134,31,531,1246,.262,.329,.430,.759,96,2356,137,49,31,60,16,1084,1
2016 Colorado Rockies,47,27.8,5.22,162,6236,5614,845,1544,318,47,204,805,66,39,494,1330,.275,.336,.457,.794,97,2568,113,40,54,34,35,1089,0
2016 Detroit Tigers,44,29.9,4.66,161,6127,5526,750,1476,252,30,211,719,58,29,493,1303,.267,.331,.438,.769,106,2421,135,53,17,38,32,1105,0
2016 Houston Astros,43,26.4,4.47,162,6204,5545,724,1367,291,29,198,689,102,44,554,1452,.247,.319,.417,.735,103,2310,134,47,27,31,31,1086,0
2016 Kansas City Royals,42,28.5,4.17,162,6052,5552,675,1450,264,33,147,640,121,35,382,1224,.261,.312,.400,.712,90,2221,134,45,38,34,23,1049,0
2016 Los Angeles Angels,53,28.5,4.43,162,6041,5431,717,1410,279,20,156,686,73,34,471,991,.260,.322,.405,.726,100,2197,147,51,36,49,21,1037,0
2016 Los Angeles Dodgers,55,28.9,4.48,162,6164,5518,725,1376,272,21,189,680,45,26,525,1321,.249,.319,.409,.728,95,2257,120,58,30,32,31,1106,1
2016 Miami Marlins,53,28.3,4.07,161,6134,5547,655,1460,259,42,128,626,71,28,447,1213,.263,.322,.394,.716,96,2187,140,54,46,38,40,1171,0
2016 Milwaukee Brewers,50,27.5,4.14,162,6061,5330,671,1299,249,19,194,641,181,56,599,1543,.244,.322,.407,.729,92,2168,131,37,53,39,34,1071,0
2016 Minnesota Twins,49,26.9,4.46,162,6245,5618,722,1409,288,35,200,690,91,32,513,1426,.251,.316,.421,.738,98,2367,96,44,27,43,24,1124,0
2016 New York Mets,46,29.5,4.14,162,6115,5459,671,1342,240,19,218,649,42,18,517,1302,.246,.316,.417,.733,97,2274,123,62,35,41,43,1120,1
2016 New York Yankees,53,30.1,4.20,162,6059,5458,680,1378,245,20,183,647,72,22,475,1188,.252,.315,.405,.720,91,2212,121,42,21,49,19,1098,0
2016 Oakland Athletics,51,28.7,4.03,162,6022,5500,653,1352,270,21,169,634,50,23,442,1145,.246,.304,.395,.699,91,2171,142,33,13,34,19,1036,0
2016 Philadelphia Phillies,49,26.9,3.77,162,5992,5434,610,1305,231,35,161,574,96,45,424,1376,.240,.301,.384,.685,82,2089,112,58,46,30,33,1043,0
2016 Pittsburgh Pirates,55,28.9,4.50,162,6261,5542,729,1426,277,32,153,696,110,45,561,1334,.257,.332,.402,.734,96,2226,133,81,41,36,39,1173,0
2016 San Diego Padres,58,28.1,4.23,162,6001,5419,686,1275,257,26,177,654,125,45,449,1500,.235,.299,.390,.689,86,2115,93,58,36,36,30,965,0
2016 Seattle Mariners,54,30.5,4.74,162,6227,5583,768,1446,251,17,223,735,56,28,506,1288,.259,.326,.430,.756,106,2400,138,72,24,41,29,1099,0
2016 San Francisco Giants,45,29.2,4.41,162,6271,5565,715,1437,280,54,130,675,79,36,572,1107,.258,.329,.398,.728,97,2215,120,42,42,46,43,1188,1
2016 St. Louis Cardinals,41,28.5,4.81,162,6223,5548,779,1415,299,32,225,745,35,26,526,1318,.255,.325,.442,.767,104,2453,117,70,37,41,28,1113,0
2016 Tampa Bay Rays,48,27.7,4.15,162,6046,5481,672,1333,288,32,216,647,60,37,449,1482,.243,.307,.426,.733,100,2333,88,69,18,28,20,1060,0
2016 Texas Rangers,52,28.4,4.72,162,6089,5525,765,1446,257,23,215,746,99,36,436,1220,.262,.322,.433,.755,96,2394,114,70,18,40,23,1038,1
2016 Toronto Blue Jays,49,30.0,4.69,162,6233,5479,759,1358,276,18,221,728,54,24,632,1362,.248,.330,.426,.755,101,2333,153,55,26,40,16,1120,1
2016 Washington Nationals,43,28.8,4.71,162,6201,5490,763,1403,268,29,203,735,121,39,536,1252,.256,.326,.426,.751,96,2338,102,64,48,63,49,1105,1
2017 Arizona Diamondbacks,45,28.3,5.01,162,6224,5525,812,1405,314,39,220,776,103,30,578,1456,.254,.329,.445,.774,94,2457,106,54,39,27,44,1118,1
2017 Atlanta Braves,49,28.7,4.52,162,6216,5584,732,1467,289,26,165,706,77,31,474,1184,.263,.326,.412,.738,92,2303,137,66,59,32,57,1127,0
2017 Baltimore Orioles,50,28.6,4.59,162,6140,5650,743,1469,269,12,232,713,32,13,392,1412,.260,.312,.435,.747,100,2458,138,50,10,37,12,1041,0
2017 Boston Red Sox,49,27.3,4.85,162,6338,5669,785,1461,302,19,168,735,106,31,571,1224,.258,.329,.407,.736,92,2305,141,53,9,36,48,1134,1
2017 Chicago Cubs,47,27.1,5.07,162,6283,5496,822,1402,274,29,223,785,62,31,622,1401,.255,.338,.437,.775,99,2403,134,82,48,32,54,1147,1
2017 Chicago White Sox,51,26.7,4.36,162,6059,5513,706,1412,256,37,186,670,71,31,401,1397,.256,.314,.417,.731,96,2300,124,76,35,33,17,1055,0
2017 Cincinnati Reds,47,27.1,4.65,162,6213,5484,753,1390,249,38,219,715,120,39,565,1329,.253,.329,.433,.761,97,2372,116,72,50,42,41,1135,0
2017 Cleveland Indians,41,28.0,5.05,162,6234,5511,818,1449,333,29,212,780,88,23,604,1153,.263,.339,.449,.788,104,2476,125,50,23,45,30,1158,1
2017 Colorado Rockies,41,28.3,5.09,162,6201,5534,824,1510,293,38,192,793,59,34,519,1408,.273,.338,.444,.781,90,2455,143,44,62,41,46,1088,1
2017 Detroit Tigers,49,29.6,4.54,162,6150,5556,735,1435,289,35,187,699,65,34,503,1313,.258,.324,.424,.748,98,2355,128,52,11,27,21,1104,0
2017 Houston Astros,46,28.8,5.53,162,6271,5611,896,1581,346,20,238,854,98,42,509,1087,.282,.346,.478,.823,123,2681,139,70,11,61,27,1094,1
2017 Kansas City Royals,49,28.9,4.33,162,6027,5536,702,1436,260,24,193,660,91,31,390,1166,.259,.311,.420,.731,93,2323,160,45,17,37,19,1005,0
2017 Los Angeles Angels,55,30.0,4.38,162,6073,5415,710,1314,251,14,186,678,136,44,523,1198,.243,.315,.397,.712,92,2151,141,70,17,46,30,1033,0
2017 Los Angeles Dodgers,52,27.9,4.75,162,6191,5408,770,1347,312,20,221,730,77,28,649,1380,.249,.334,.437,.771,104,2362,119,64,31,38,41,1146,1
2017 Miami Marlins,43,28.4,4.80,162,6248,5602,778,1497,271,31,194,743,91,30,486,1282,.267,.331,.431,.761,107,2412,119,67,50,41,48,1130,0
2017 Milwaukee Brewers,50,27.4,4.52,162,6135,5467,732,1363,267,22,224,695,128,41,547,1571,.249,.322,.429,.751,94,2346,116,53,42,26,34,1088,0
2017 Minnesota Twins,52,27.0,5.03,162,6261,5557,815,1444,286,31,206,781,95,28,593,1342,.260,.334,.434,.768,104,2410,105,46,26,39,26,1147,1
2017 New York Mets,52,28.8,4.54,162,6169,5510,735,1379,286,28,224,713,58,23,529,1291,.250,.320,.434,.755,101,2393,118,57,36,37,31,1099,0
2017 New York Yankees,51,28.6,5.30,162,6354,5594,858,1463,266,23,241,821,90,22,616,1386,.262,.339,.447,.785,105,2498,119,64,18,56,22,1184,1
2017 Oakland Athletics,54,28.7,4.56,162,6126,5464,739,1344,305,15,234,708,57,22,565,1491,.246,.319,.436,.755,104,2381,129,43,13,40,15,1075,0
2017 Philadelphia Phillies,51,26.6,4.26,162,6133,5535,690,1382,287,36,174,654,59,25,494,1417,.250,.315,.409,.723,89,2263,128,47,21,36,25,1079,0
2017 Pittsburgh Pirates,47,28.2,4.12,162,6136,5458,668,1331,249,36,151,635,67,36,519,1213,.244,.318,.386,.704,86,2105,120,88,42,28,39,1129,0
2017 San Diego Padres,52,26.2,3.73,162,5954,5356,604,1251,227,31,189,576,89,33,460,1499,.234,.299,.393,.692,83,2107,99,53,52,33,20,1037,0
2017 Seattle Mariners,61,29.5,4.63,162,6166,5551,750,1436,281,17,200,714,89,35,487,1267,.259,.325,.424,.749,103,2351,131,78,14,35,31,1084,0
2017 San Francisco Giants,49,29.5,3.94,162,6137,5551,639,1382,290,28,128,612,76,34,467,1204,.249,.309,.380,.689,81,2112,136,36,31,52,37,1093,0
2017 St. Louis Cardinals,48,28.0,4.70,162,6219,5470,761,1402,284,28,196,728,81,31,593,1348,.256,.334,.426,.760,99,2330,139,65,47,44,36,1118,0
2017 Tampa Bay Rays,53,28.3,4.28,162,6147,5478,694,1340,226,32,228,671,88,34,545,1538,.245,.317,.422,.739,99,2314,115,55,16,48,33,1114,0
2017 Texas Rangers,51,28.3,4.93,162,6122,5430,799,1326,255,21,237,756,113,44,544,1493,.244,.320,.430,.750,91,2334,110,81,27,39,18,1015,0
2017 Toronto Blue Jays,60,30.9,4.28,162,6154,5499,693,1320,269,5,222,661,53,24,542,1327,.240,.312,.412,.724,91,2265,153,51,25,35,12,1064,0
2017 Washington Nationals,49,29.2,5.06,162,6214,5553,819,1477,311,31,215,796,108,30,542,1327,.266,.332,.449,.782,99,2495,116,31,43,45,56,1101,1
2018 Arizona Diamondbacks,49,29.2,4.28,162,6157,5460,693,1283,259,50,176,658,79,25,560,1460,.235,.310,.397,.707,86,2170,110,52,38,45,36,1086,0
2018 Atlanta Braves,58,27.3,4.69,162,6251,5582,759,1433,314,29,175,717,90,36,511,1290,.257,.324,.417,.742,98,2330,99,66,49,43,53,1143,1
2018 Baltimore Orioles,56,28.4,3.84,162,6034,5507,622,1317,242,15,188,593,81,22,422,1412,.239,.298,.391,.689,89,2153,132,57,13,35,19,1027,0
2018 Boston Red Sox,44,27.7,5.41,162,6302,5623,876,1509,355,31,208,829,125,31,569,1253,.268,.339,.453,.792,112,2550,130,55,7,48,38,1124,1
2018 Chicago Cubs,50,27.2,4.67,163,6369,5624,761,1453,286,34,167,722,66,38,576,1388,.258,.333,.410,.744,97,2308,107,78,40,46,67,1224,1
2018 Chicago White Sox,51,26.5,4.05,162,6071,5523,656,1332,259,40,182,639,98,41,425,1594,.241,.302,.401,.703,93,2217,99,66,24,32,18,1050,0
2018 Cincinnati Reds,53,27.2,4.30,162,6240,5532,696,1404,251,25,172,665,77,33,559,1376,.254,.328,.401,.729,95,2221,128,65,49,35,35,1179,0
2018 Cleveland Indians,49,29.4,5.05,162,6300,5595,818,1447,297,19,216,786,135,36,554,1189,.259,.332,.434,.766,106,2430,98,80,25,44,32,1147,1
2018 Colorado Rockies,41,28.7,4.79,163,6178,5541,780,1418,280,42,210,748,95,33,507,1397,.256,.322,.435,.757,90,2412,114,51,42,37,38,1067,1
2018 Detroit Tigers,49,27.9,3.89,162,6029,5494,630,1326,284,35,135,597,70,30,428,1341,.241,.300,.380,.680,83,2085,110,52,15,40,18,1071,0
2018 Houston Astros,41,28.2,4.92,162,6146,5453,797,1390,278,18,205,763,71,26,565,1197,.255,.329,.425,.754,106,2319,156,61,14,45,19,1052,1
2018 Kansas City Royals,49,28.6,3.94,162,6063,5505,638,1350,283,29,155,606,117,38,427,1310,.245,.305,.392,.697,90,2156,123,67,24,40,13,1063,0
2018 Los Angeles Angels,60,29.6,4.45,162,6108,5472,721,1323,249,23,214,690,89,22,514,1300,.242,.313,.413,.726,99,2260,111,73,7,39,38,1071,0
2018 Los Angeles Dodgers,52,28.1,4.93,163,6358,5572,804,1394,296,33,235,756,75,24,647,1436,.250,.333,.442,.774,109,2461,119,61,39,39,47,1163,1
2018 Miami Marlins,51,27.5,3.66,161,6083,5488,589,1303,222,24,128,554,45,31,455,1384,.237,.303,.357,.659,83,1957,119,73,32,31,26,1123,0
2018 Milwaukee Brewers,53,28.8,4.63,163,6210,5542,754,1398,252,24,218,711,124,32,537,1458,.252,.323,.424,.747,99,2352,128,58,29,41,32,1106,1
2018 Minnesota Twins,54,28.2,4.56,162,6154,5526,738,1379,317,22,166,704,47,27,534,1328,.250,.318,.405,.723,96,2238,89,37,19,38,25,1087,0
2018 New York Mets,56,28.3,4.17,162,6177,5468,676,1282,265,34,170,649,71,39,566,1404,.234,.312,.389,.701,96,2125,116,73,28,42,36,1104,0
2018 New York Yankees,49,27.2,5.25,162,6271,5515,851,1374,269,23,267,821,63,21,625,1421,.249,.329,.451,.781,112,2490,107,62,10,59,21,1100,1
2018 Oakland Athletics,53,28.0,5.02,162,6255,5579,813,1407,322,20,227,778,35,21,550,1381,.252,.325,.439,.764,110,2450,136,76,6,44,18,1085,1
2018 Philadelphia Phillies,48,26.7,4.18,162,6136,5424,677,1270,241,30,186,653,69,26,582,1520,.234,.314,.393,.707,89,2129,102,64,32,32,33,1120,0
2018 Pittsburgh Pirates,48,27.8,4.30,161,6066,5447,692,1381,290,38,157,665,70,38,474,1229,.254,.317,.407,.725,98,2218,121,59,31,52,38,1071,0
2018 San Diego Padres,49,26.8,3.81,162,6059,5486,617,1289,250,30,162,583,95,36,471,1523,.235,.297,.380,.677,88,2085,122,31,35,36,28,1028,0
2018 Seattle Mariners,53,29.8,4.18,162,6087,5513,677,1402,256,32,176,644,79,37,430,1221,.254,.314,.408,.722,102,2250,128,70,29,41,17,1084,0
2018 San Francisco Giants,48,29.8,3.72,162,6113,5541,603,1324,255,30,133,573,77,34,448,1467,.239,.300,.368,.667,85,2038,113,49,33,42,40,1101,0
2018 St. Louis Cardinals,49,28.0,4.69,162,6200,5498,759,1369,248,9,205,725,63,32,525,1380,.249,.321,.409,.730,99,2250,92,80,46,48,40,1101,0
2018 Tampa Bay Rays,54,27.1,4.42,162,6195,5475,716,1415,274,43,150,664,128,51,540,1388,.258,.333,.406,.740,105,2225,122,101,28,50,17,1156,0
2018 Texas Rangers,50,27.4,4.55,162,6163,5453,737,1308,266,24,194,696,74,35,555,1484,.240,.318,.404,.722,89,2204,104,88,33,34,16,1093,0
2018 Toronto Blue Jays,63,28.9,4.38,162,6076,5477,709,1336,320,16,217,680,47,30,499,1387,.244,.312,.427,.739,102,2339,118,58,5,37,15,1036,0
2018 Washington Nationals,53,27.6,4.76,162,6288,5517,771,1402,284,25,191,737,119,33,631,1289,.254,.335,.419,.753,98,2309,104,59,41,40,56,1180,0
2019 Arizona Diamondbacks,45,28.7,5.02,162,6315,5633,813,1419,288,40,220,778,88,14,540,1360,.252,.323,.434,.757,94,2447,120,70,31,40,36,1119,0
2019 Atlanta Braves,50,28.0,5.28,162,6302,5560,855,1432,277,29,249,824,89,28,619,1467,.258,.336,.452,.789,98,2514,104,60,25,35,39,1138,1
2019 Baltimore Orioles,58,26.5,4.50,162,6189,5596,729,1379,252,25,213,698,84,30,462,1435,.246,.310,.415,.725,90,2320,111,71,22,37,8,1063,0
2019 Boston Red Sox,47,27.3,5.56,162,6475,5770,901,1554,345,27,245,857,68,30,590,1382,.269,.340,.466,.806,107,2688,127,49,20,44,36,1170,0
2019 Chicago Cubs,52,27.7,5.02,162,6195,5461,814,1378,270,26,256,783,45,24,581,1460,.252,.331,.452,.783,102,2468,127,83,30,39,33,1071,0
2019 Chicago White Sox,47,27.6,4.40,161,6042,5529,708,1443,260,20,182,676,63,28,378,1549,.261,.314,.414,.728,93,2289,114,66,36,32,13,1071,0
2019 Cincinnati Reds,47,27.8,4.33,162,6100,5450,701,1328,235,27,227,679,80,38,492,1436,.244,.315,.422,.736,85,2298,111,89,30,33,25,1073,0
2019 Cleveland Indians,54,27.7,4.75,162,6124,5425,769,1354,286,18,223,731,103,35,563,1332,.250,.323,.432,.756,94,2345,110,50,40,46,30,1072,0
2019 Colorado Rockies,50,28.2,5.15,162,6288,5660,835,1502,323,41,224,803,71,31,489,1503,.265,.326,.456,.782,88,2579,111,43,51,43,25,1075,0
2019 Detroit Tigers,53,27.6,3.61,161,6039,5549,582,1333,292,41,149,556,57,20,391,1595,.240,.294,.388,.682,78,2154,108,48,9,42,14,1069,0
2019 Houston Astros,45,29.0,5.68,162,6394,5613,920,1538,323,28,288,891,67,27,645,1166,.274,.352,.495,.848,119,2781,146,66,10,57,17,1168,1
2019 Kansas City Royals,51,27.6,4.27,162,6080,5496,691,1356,281,40,162,655,117,39,456,1405,.247,.309,.401,.710,86,2203,113,59,24,42,17,1056,0
2019 Los Angeles Angels,57,28.8,4.75,162,6251,5542,769,1368,268,21,220,734,65,20,586,1276,.247,.324,.422,.746,97,2338,143,67,4,42,29,1125,0
2019 Los Angeles Dodgers,46,27.9,5.47,162,6282,5493,886,1414,302,20,279,861,57,10,607,1356,.257,.338,.472,.810,112,2593,100,81,55,45,47,1124,1
2019 Miami Marlins,50,28.4,3.80,162,6045,5512,615,1326,265,18,146,593,55,30,395,1469,.241,.298,.375,.673,79,2065,139,73,31,33,16,1034,0
2019 Milwaukee Brewers,50,28.9,4.75,162,6309,5542,769,1366,279,17,250,744,101,25,629,1563,.246,.329,.438,.767,98,2429,120,72,20,38,42,1180,1
2019 Minnesota Twins,50,27.8,5.80,162,6392,5732,939,1547,318,23,307,906,28,21,525,1334,.270,.338,.494,.832,119,2832,101,81,10,41,21,1115,1
2019 New York Mets,53,27.9,4.88,162,6290,5624,791,1445,280,17,242,767,56,27,516,1384,.257,.328,.442,.770,105,2485,129,95,28,27,34,1128,0
2019 New York Yankees,54,28.3,5.82,162,6245,5583,943,1493,290,17,306,904,55,22,569,1437,.267,.339,.490,.829,118,2735,113,49,10,33,18,1039,1
2019 Oakland Athletics,49,27.8,5.22,162,6270,5561,845,1384,292,23,257,800,49,21,578,1338,.249,.327,.448,.776,108,2493,140,87,7,36,17,1081,1
2019 Philadelphia Phillies,56,27.7,4.78,162,6261,5571,774,1369,311,26,215,742,78,18,562,1453,.246,.319,.427,.746,92,2377,97,57,34,34,47,1129,0
2019 Pittsburgh Pirates,54,27.5,4.68,162,6228,5657,758,1497,315,38,163,722,64,29,425,1213,.265,.321,.420,.741,94,2377,119,63,47,34,41,1103,0
2019 San Diego Padres,54,26.2,4.21,162,6019,5391,682,1281,224,24,219,652,70,37,504,1581,.238,.308,.410,.718,89,2210,120,55,37,31,19,1008,0
2019 Seattle Mariners,67,27.8,4.68,162,6199,5500,758,1305,254,28,239,730,115,47,588,1581,.237,.316,.424,.740,100,2332,83,58,14,37,7,1080,0
2019 San Francisco Giants,64,29.9,4.19,162,6170,5579,678,1332,300,26,167,655,47,28,475,1435,.239,.302,.392,.694,84,2185,111,50,24,42,26,1069,0
2019 St. Louis Cardinals,43,28.8,4.72,162,6167,5449,764,1336,246,24,210,714,116,29,561,1420,.245,.322,.415,.737,94,2260,110,76,40,39,15,1107,1
2019 Tampa Bay Rays,57,27.2,4.75,162,6285,5628,769,1427,291,29,217,730,94,37,542,1493,.254,.325,.431,.757,102,2427,114,73,8,34,20,1130,1
2019 Texas Rangers,53,28.8,5.00,162,6204,5540,810,1374,296,24,223,765,131,38,534,1578,.248,.319,.431,.750,88,2387,98,67,17,44,18,1066,0
2019 Toronto Blue Jays,61,25.9,4.48,162,6091,5493,726,1299,270,21,247,697,51,20,509,1514,.236,.305,.428,.733,94,2352,107,45,14,28,10,1003,0
2019 Washington Nationals,50,28.8,5.39,162,6267,5512,873,1460,298,27,231,824,116,29,584,1308,.265,.342,.454,.796,103,2505,117,81,48,42,33,1114,1
